,Direction,Pathways,statistic,nGenes,adj.Pval,Genes
Cell projection morphogenesis ,Up,Cell projection morphogenesis ,8.5995,290,8.10E-14,Ep300 Syngap1 Cpne5 Unc5b Fyn Zfp365 Egr2 Coro1c Gja1 Flot1 Rnf6 Smurf1 Fbxw8 Adarb1 Atxn2 Cux2 Adora2a Rasal1 Cux1 Limk1 Gap43 Kalrn Dvl3 Chodl Alcam Prdm8 Boc Nkx6-1 Sema5b Uchl1 Tgfb2 Tnr Rhoh Tnn Spag9 Pafah1b1 Ulk2 Bcl2 Lhx1 Trpv2 Bhlhb9 Actr3 Usp9x Tnfrsf12a Lhx4 Arhgap44 Flrt2 Nptx1 Cdkl5 Xk Zdhhc17 Slit2 Wnt3 Cxcr4 Rab21 Ntn1 Sema6a Lrrk2 Baiap2 Nrcam Enpp2 Ndel1 Rims2 Cobl Abl2 Llph Egfr Ppfia2 Pax6 Aurka Ttc8 Rtn4 Pak3 Zeb2 Kif5c Rbfox2 Syt2 Crmp1 Sema6d Itga4 Flrt3 Sdc2 Jade2 Actr2 Atl1 Mapt Itpka Prex2 Ngfr Nin Nr4a2 Cntn4 Ptprd Bcl11b Ptprz1 Cd44 Shh Crppa Tmem106b Ptpro Trpc6 Atoh1 Nectin1 Syt1 Neo1 Sema3c Cyfip2 Fstl4 Sema3e Srgap2 Sema4f Etv1 Efnb1 Pou3f2 Ntn3 Wasl App Epha7 Plxnb2 Atp5mc1 Gli2 Rac2 Slit3 Dab1 Atg7 Lrtm2 Zswim4 Sipa1l1 Sema7a Plaa Pqbp1 Ephb1 Ptk2 Pak6 Plxnc1 Cdk5 Atp8a2 Btbd3 B4galt5 Dock7 Bsg Drd2 Ryk Draxin Dpysl5 Nptn Cntn2 Psen1 Caprin1 Foxp1 Slitrk1 Epha2 B3gnt2 Ugt8 Abl1 RGD1359108 Src Dpysl2 Slitrk5 Numb Pacsin2 Kirrel3 Nfib Wasf2 Slitrk3 Ppp3ca Wee1 Ndn Map2k1 Sarm1 Efnb3 Mycbp2 Abitram Foxb1 Ctnnd2 Tpbg Dicer1 Gpm6a Nrp1 Vcl Chrna7 Dlx5 Tmem108 Braf Itgb1 Neurog2 Adnp Rims1 Lama2 Parp6 Farp1 Usp33 Anapc2 AABR07031193.1 Rab11a Srcin1 Slitrk2 Ptprm Unc5d Cyfip1 Ptn Iqgap1 Adgrb3 Trio Dbnl Tnik Nexn Ephb2 Isl1 Ccdc141 Postn Nek3 Gdnf Rgma Mov10 Epha8 Lrp8 Plxna4 Kif13b Epha4 Hecw2 Gbx1 Creb1 Cdh11 Cdc42 Cxcl12 Nefl Sema4d Ntng2 Ntrk1 Mfsd2a Map4k4 Omg Spart Dbn1 Fn1 Gli3 Zswim6 Arpin Efnb2 Sema4g Raph1 Ret Lgi1 Prmt3 Zfyve27 Ist1 Lrp4 Isl2 Obsl1 Vil1 Stxbp1 Prkcz Wnt5a Kel Rreb1 Ube3a Wnt7b Arhgap35 B4galt6 Mul1 Kank1 Hecw1 Efna2 Sema4c Bmpr1b Vasp Fgfr2 Ust Myo16 Dscaml1 Sema3b Arhgef28 Ngf Epb41l3 Stmn1 Fgfr3 Fzd4 Plppr4 Plxna1 Snx1 Slc25a46 Syt17 Eif4g2 Tubb3 Lama1 Zfp335 Syt4 Map1b Tubb2b Cnp Dcdc2 Mdk Nedd4l Brsk1 Sema3f Snx2 Dvl2 Chn1 Rere Afg3l2 Skor2 Apbb1 Gorasp1 Smn1 RGD1307443 Zswim5 Stk25 Ttl Srf Picalm Shtn1 Cpne6 Csf1r Unc13a Apoe Dlg4 Nes Map1s Pou4f3 Kif20b Sema3g Mt3 Ilk Shank1 Trak1 Syt3 Cck Notch1 Gata3 Ptch1 Dag1 Dvl1 Rab3a Gbx2 Slc11a2 Metrn Sema4a Hsp90ab1 Artn Taok2 Map2k2 Brsk2 Drgx B4gat1 Cntnap1 Rhog Nfatc4 Efna1 Efna4 Cfl1 Rnd2 Pten Chrnb2 Etv4 Numbl Scn1b Plekho1 Mark2 Reln Tiam1 Cdk5r1 Id1 Coro1b Spg11 Bmpr2 Slitrk6 Kdm1a Flrt1 Nkx2-8 Cpne9 Kidins220 Als2 Sema3a Elavl4 Nog Nyap2 Kif1a LOC100910838 Ext1 Lrp1 Lmtk2 Sema4b Plxnd1 Map3k13 Spag6l Grcc10 Slit1 Ythdf1 Spast Map6 Kndc1 Wdr36 Vldlr Dpysl4 Tsku Dscam Tctn1 Szt2 Unc5c AABR07033882.1 Plxnb1 Robo2 Robo1 Tbce Lrrc4c Golga4 Robo3 Ptpn11 Nfasc Rtn4r Rock1 Ntng1 Nrp2 Abi1 Fmn1 Ephb3 Enah Sin3a Nlgn1 Mapk8ip2 Dclk1 Dcc Efna5 Actb Nckap1l Epha10 Ulk1 Fbxo31 Fgf13 Foxd1 Arc Amigo1 Chl1 Impact Ephb4 Sema6b Klf7 Itsn2 Rbm12 Myot Fzd3 Ptprs Caprin2 LOC100909750 Bdnf Wasf1 Dcx Lamb2 Ss18l2 Dtnbp1 Hdac6 Wnt7a Rnf165 Twf2 Nbl1 LOC100909761 Gas1 LOC100910838 Islr2 Cpne1 Ifrd1 Rap2a Smad4 Tbc1d24 Shank3 Cdh4 Megf8 Ankrd27 Tanc2 Bmp7 Lama5 Celsr3 LOC103692570 Ctnnb1 Adam10 Zic2 Tlx2 Dab2ip Prtg Sptbn4 Ywhah Dip2b Lrp2 Cacng7 Zswim8 Gdi1 Ddr1 Arhgap4 Adcy1 Unc5a Ss18l1 Emb Plxna3 L1cam Atp7a Fbxo45 Tlx2
Neuron projection morphogenesis ,Up,Neuron projection morphogenesis ,8.5772,277,8.10E-14,Ep300 Syngap1 Cpne5 Unc5b Fyn Zfp365 Egr2 Gja1 Flot1 Rnf6 Smurf1 Fbxw8 Adarb1 Atxn2 Cux2 Adora2a Rasal1 Cux1 Limk1 Gap43 Kalrn Dvl3 Chodl Alcam Prdm8 Boc Nkx6-1 Sema5b Uchl1 Tgfb2 Tnr Rhoh Tnn Spag9 Pafah1b1 Ulk2 Bcl2 Lhx1 Trpv2 Bhlhb9 Actr3 Usp9x Tnfrsf12a Lhx4 Arhgap44 Flrt2 Nptx1 Cdkl5 Xk Zdhhc17 Slit2 Wnt3 Cxcr4 Rab21 Ntn1 Sema6a Lrrk2 Baiap2 Nrcam Ndel1 Rims2 Cobl Abl2 Llph Egfr Ppfia2 Pax6 Aurka Ttc8 Rtn4 Pak3 Zeb2 Kif5c Rbfox2 Syt2 Crmp1 Sema6d Itga4 Flrt3 Sdc2 Jade2 Actr2 Atl1 Mapt Itpka Prex2 Ngfr Nin Nr4a2 Cntn4 Ptprd Bcl11b Ptprz1 Shh Crppa Tmem106b Ptpro Trpc6 Atoh1 Nectin1 Syt1 Neo1 Sema3c Cyfip2 Fstl4 Sema3e Srgap2 Sema4f Etv1 Efnb1 Pou3f2 Ntn3 Wasl App Epha7 Plxnb2 Atp5mc1 Gli2 Rac2 Slit3 Dab1 Atg7 Lrtm2 Zswim4 Sipa1l1 Sema7a Plaa Pqbp1 Ephb1 Ptk2 Pak6 Plxnc1 Cdk5 Atp8a2 Btbd3 B4galt5 Dock7 Bsg Drd2 Ryk Draxin Dpysl5 Nptn Cntn2 Psen1 Caprin1 Foxp1 Slitrk1 Epha2 B3gnt2 Ugt8 Abl1 RGD1359108 Dpysl2 Slitrk5 Numb Kirrel3 Nfib Slitrk3 Ppp3ca Wee1 Ndn Map2k1 Sarm1 Efnb3 Mycbp2 Abitram Foxb1 Ctnnd2 Tpbg Dicer1 Gpm6a Nrp1 Vcl Chrna7 Dlx5 Tmem108 Braf Itgb1 Neurog2 Adnp Rims1 Lama2 Parp6 Farp1 Usp33 Anapc2 AABR07031193.1 Rab11a Srcin1 Slitrk2 Ptprm Unc5d Cyfip1 Ptn Iqgap1 Adgrb3 Trio Dbnl Tnik Nexn Ephb2 Isl1 Ccdc141 Postn Nek3 Gdnf Rgma Mov10 Epha8 Lrp8 Plxna4 Kif13b Epha4 Hecw2 Gbx1 Creb1 Cdh11 Cdc42 Cxcl12 Nefl Sema4d Ntng2 Ntrk1 Mfsd2a Map4k4 Omg Spart Dbn1 Fn1 Gli3 Zswim6 Efnb2 Sema4g Raph1 Ret Lgi1 Prmt3 Zfyve27 Ist1 Lrp4 Isl2 Obsl1 Stxbp1 Prkcz Wnt5a Kel Ube3a Wnt7b Arhgap35 B4galt6 Mul1 Hecw1 Efna2 Sema4c Bmpr1b Vasp Fgfr2 Ust Myo16 Dscaml1 Sema3b Arhgef28 Ngf Epb41l3 Stmn1 Fgfr3 Fzd4 Plppr4 Plxna1 Slc25a46 Syt17 Eif4g2 Tubb3 Lama1 Zfp335 Syt4 Map1b Tubb2b Cnp Dcdc2 Nedd4l Brsk1 Sema3f Dvl2 Chn1 Rere Afg3l2 Skor2 Apbb1 Gorasp1 Smn1 RGD1307443 Zswim5 Stk25 Ttl Srf Picalm Shtn1 Cpne6 Csf1r Unc13a Apoe Dlg4 Map1s Pou4f3 Kif20b Sema3g Mt3 Ilk Shank1 Trak1 Syt3 Cck Notch1 Gata3 Ptch1 Dag1 Dvl1 Rab3a Gbx2 Slc11a2 Metrn Sema4a Hsp90ab1 Artn Taok2 Map2k2 Brsk2 Drgx B4gat1 Cntnap1 Rhog Nfatc4 Efna1 Efna4 Cfl1 Rnd2 Pten Chrnb2 Etv4 Numbl Scn1b Mark2 Reln Tiam1 Cdk5r1 Id1 Spg11 Bmpr2 Slitrk6 Kdm1a Flrt1 Nkx2-8 Cpne9 Kidins220 Als2 Sema3a Elavl4 Nog Nyap2 Kif1a LOC100910838 Ext1 Lrp1 Lmtk2 Sema4b Plxnd1 Map3k13 Spag6l Grcc10 Slit1 Ythdf1 Spast Map6 Kndc1 Wdr36 Vldlr Dpysl4 Tsku Dscam Tctn1 Szt2 Unc5c AABR07033882.1 Plxnb1 Robo2 Robo1 Tbce Lrrc4c Golga4 Robo3 Ptpn11 Nfasc Rtn4r Rock1 Ntng1 Nrp2 Abi1 Fmn1 Ephb3 Enah Sin3a Nlgn1 Mapk8ip2 Dclk1 Dcc Efna5 Actb Nckap1l Epha10 Ulk1 Fbxo31 Fgf13 Foxd1 Arc Amigo1 Chl1 Impact Ephb4 Sema6b Klf7 Itsn2 Rbm12 Myot Fzd3 Ptprs Caprin2 LOC100909750 Bdnf Wasf1 Dcx Lamb2 Ss18l2 Dtnbp1 Hdac6 Wnt7a Rnf165 Twf2 Nbl1 LOC100909761 Gas1 LOC100910838 Islr2 Cpne1 Ifrd1 Rap2a Smad4 Tbc1d24 Shank3 Cdh4 Megf8 Ankrd27 Tanc2 Bmp7 Lama5 Celsr3 LOC103692570 Ctnnb1 Adam10 Zic2 Tlx2 Dab2ip Prtg Sptbn4 Ywhah Dip2b Lrp2 Cacng7 Zswim8 Gdi1 Ddr1 Arhgap4 Adcy1 Unc5a Ss18l1 Emb Plxna3 L1cam Atp7a Fbxo45 Tlx2
Plasma membrane bounded cell projection morphogenesis ,Up,Plasma membrane bounded cell projection morphogenesis ,8.5466,287,8.10E-14,Ep300 Syngap1 Cpne5 Unc5b Fyn Zfp365 Egr2 Coro1c Gja1 Flot1 Rnf6 Smurf1 Fbxw8 Adarb1 Atxn2 Cux2 Adora2a Rasal1 Cux1 Limk1 Gap43 Kalrn Dvl3 Chodl Alcam Prdm8 Boc Nkx6-1 Sema5b Uchl1 Tgfb2 Tnr Rhoh Tnn Spag9 Pafah1b1 Ulk2 Bcl2 Lhx1 Trpv2 Bhlhb9 Actr3 Usp9x Tnfrsf12a Lhx4 Arhgap44 Flrt2 Nptx1 Cdkl5 Xk Zdhhc17 Slit2 Wnt3 Cxcr4 Rab21 Ntn1 Sema6a Lrrk2 Baiap2 Nrcam Enpp2 Ndel1 Rims2 Cobl Abl2 Llph Egfr Ppfia2 Pax6 Aurka Ttc8 Rtn4 Pak3 Zeb2 Kif5c Rbfox2 Syt2 Crmp1 Sema6d Itga4 Flrt3 Sdc2 Jade2 Actr2 Atl1 Mapt Itpka Prex2 Ngfr Nin Nr4a2 Cntn4 Ptprd Bcl11b Ptprz1 Cd44 Shh Crppa Tmem106b Ptpro Trpc6 Atoh1 Nectin1 Syt1 Neo1 Sema3c Cyfip2 Fstl4 Sema3e Srgap2 Sema4f Etv1 Efnb1 Pou3f2 Ntn3 Wasl App Epha7 Plxnb2 Atp5mc1 Gli2 Rac2 Slit3 Dab1 Atg7 Lrtm2 Zswim4 Sipa1l1 Sema7a Plaa Pqbp1 Ephb1 Ptk2 Pak6 Plxnc1 Cdk5 Atp8a2 Btbd3 B4galt5 Dock7 Bsg Drd2 Ryk Draxin Dpysl5 Nptn Cntn2 Psen1 Caprin1 Foxp1 Slitrk1 Epha2 B3gnt2 Ugt8 Abl1 RGD1359108 Src Dpysl2 Slitrk5 Numb Kirrel3 Nfib Wasf2 Slitrk3 Ppp3ca Wee1 Ndn Map2k1 Sarm1 Efnb3 Mycbp2 Abitram Foxb1 Ctnnd2 Tpbg Dicer1 Gpm6a Nrp1 Vcl Chrna7 Dlx5 Tmem108 Braf Itgb1 Neurog2 Adnp Rims1 Lama2 Parp6 Farp1 Usp33 Anapc2 AABR07031193.1 Rab11a Srcin1 Slitrk2 Ptprm Unc5d Cyfip1 Ptn Iqgap1 Adgrb3 Trio Dbnl Tnik Nexn Ephb2 Isl1 Ccdc141 Postn Nek3 Gdnf Rgma Mov10 Epha8 Lrp8 Plxna4 Kif13b Epha4 Hecw2 Gbx1 Creb1 Cdh11 Cdc42 Cxcl12 Nefl Sema4d Ntng2 Ntrk1 Mfsd2a Map4k4 Omg Spart Dbn1 Fn1 Gli3 Zswim6 Arpin Efnb2 Sema4g Raph1 Ret Lgi1 Prmt3 Zfyve27 Ist1 Lrp4 Isl2 Obsl1 Vil1 Stxbp1 Prkcz Wnt5a Kel Rreb1 Ube3a Wnt7b Arhgap35 B4galt6 Mul1 Kank1 Hecw1 Efna2 Sema4c Bmpr1b Vasp Fgfr2 Ust Myo16 Dscaml1 Sema3b Arhgef28 Ngf Epb41l3 Stmn1 Fgfr3 Fzd4 Plppr4 Plxna1 Snx1 Slc25a46 Syt17 Eif4g2 Tubb3 Lama1 Zfp335 Syt4 Map1b Tubb2b Cnp Dcdc2 Nedd4l Brsk1 Sema3f Snx2 Dvl2 Chn1 Rere Afg3l2 Skor2 Apbb1 Gorasp1 Smn1 RGD1307443 Zswim5 Stk25 Ttl Srf Picalm Shtn1 Cpne6 Csf1r Unc13a Apoe Dlg4 Map1s Pou4f3 Kif20b Sema3g Mt3 Ilk Shank1 Trak1 Syt3 Cck Notch1 Gata3 Ptch1 Dag1 Dvl1 Rab3a Gbx2 Slc11a2 Metrn Sema4a Hsp90ab1 Artn Taok2 Map2k2 Brsk2 Drgx B4gat1 Cntnap1 Rhog Nfatc4 Efna1 Efna4 Cfl1 Rnd2 Pten Chrnb2 Etv4 Numbl Scn1b Plekho1 Mark2 Reln Tiam1 Cdk5r1 Id1 Coro1b Spg11 Bmpr2 Slitrk6 Kdm1a Flrt1 Nkx2-8 Cpne9 Kidins220 Als2 Sema3a Elavl4 Nog Nyap2 Kif1a LOC100910838 Ext1 Lrp1 Lmtk2 Sema4b Plxnd1 Map3k13 Spag6l Grcc10 Slit1 Ythdf1 Spast Map6 Kndc1 Wdr36 Vldlr Dpysl4 Tsku Dscam Tctn1 Szt2 Unc5c AABR07033882.1 Plxnb1 Robo2 Robo1 Tbce Lrrc4c Golga4 Robo3 Ptpn11 Nfasc Rtn4r Rock1 Ntng1 Nrp2 Abi1 Fmn1 Ephb3 Enah Sin3a Nlgn1 Mapk8ip2 Dclk1 Dcc Efna5 Actb Nckap1l Epha10 Ulk1 Fbxo31 Fgf13 Foxd1 Arc Amigo1 Chl1 Impact Ephb4 Sema6b Klf7 Itsn2 Rbm12 Myot Fzd3 Ptprs Caprin2 LOC100909750 Bdnf Wasf1 Dcx Lamb2 Ss18l2 Dtnbp1 Hdac6 Wnt7a Rnf165 Twf2 Nbl1 LOC100909761 Gas1 LOC100910838 Islr2 Cpne1 Ifrd1 Rap2a Smad4 Tbc1d24 Shank3 Cdh4 Megf8 Ankrd27 Tanc2 Bmp7 Lama5 Celsr3 LOC103692570 Ctnnb1 Adam10 Zic2 Tlx2 Dab2ip Prtg Sptbn4 Ywhah Dip2b Lrp2 Cacng7 Zswim8 Gdi1 Ddr1 Arhgap4 Adcy1 Unc5a Ss18l1 Emb Plxna3 L1cam Atp7a Fbxo45 Tlx2
Synapse organization ,Up,Synapse organization ,7.9885,208,5.50E-12,Cbln1 Prrt1 Syngap1 Mapk14 Mdga1 Fyn Zfp365 Slc9a6 Cabp1 Cux2 Fzd9 Slc8a2 Kalrn Eif4g1 Etv5 LOC100911248 Il1rap Septin11 Gabra2 Gpc4 Tnr Pafah1b1 Myh10 C1ql1 Bhlhb9 Actr3 Gabrg2 Gabra1 Arhgap44 Gabrb2 Srpx2 Flrt2 Cdkl5 Nlgn3 Dnaja3 Ntn1 Pfn1 Lrrk2 Baiap2 Nrcam Frmpd4 Sybu Rims2 Itga3 Abl2 Ppfia2 Cbln4 Adgre5 Arhgef15 Pak3 Arf6 Flrt3 Actr2 Mapt Itpka Lrfn5 Ptprd Pclo Dlg5 Mtmr2 LRRTM1 Grid2 Cacng2 Ptpro Lrrn3 Nectin1 Slc6a1 Sema3e Lrrn1 Nfia Wasl App Cnksr2 Epha7 Amigo2 Cntn5 Lgmn Plxnb2 Six4 Setd5 Lrtm2 Cacnb4 Lhfpl4 Stau1 Ephb1 Ptk2 Cdk5 Lrrc4 Ywhaz Ky Snca Pcdh17 Nptn Cntn2 Psen1 Caprin1 Slitrk1 Sez6 Abl1 Slitrk5 Palm Kirrel3 Wasf2 Slitrk3 Tlr2 Glrb Slc7a11 Vhl Ghrl Vstm5 Ctnnd2 Tpbg Nrp1 Chrna7 Tmem108 Adnp Utrn Clstn3 Farp1 Rapsn Cntnap4 Anapc2 Tsc1 Srcin1 Slitrk2 Dkk1 Lrfn2 Cyfip1 Adgrb3 Mesd Dbnl Abhd17b Ephb2 Arf4 Abhd17c C1qb C1qc C1qa Gdnf Arhgef7 Lrp8 Epha4 Snapin Cdc42 Trem2 Cbln2 Nefl Sema4d Ntng2 Ntrk1 Dbn1 Erbb4 Rer1 Dlgap3 Adgrb2 Fnta Efnb2 Chrnb1 Slc1a1 Prmt3 Dmpk Sparcl1 Cript Lrp4 Nlgn2 Cdh2 Wnt5a Ube3a Wnt7b Zdhhc12 Add2 Snta1 Ckap5 Dlgap1 Lrrc24 Fzd1 Col4a1 Il10ra Fgfr2 Clstn1 Grm5 Arhgap39 Shisa7 Lmx1b Slc25a46 Ctbp2 LOC100909840 C1ql3 Vps35 Sema3f Afg3l2 Apbb1 Sncb Abhd17a Chrna1 Chd4 Apoe Cx3cr1 Dlg4 Bcan Ntrk2 Col4a5 Cln3 Zmynd8 Synpo Gnpat Shank1 Lrfn4 Dag1 Lrrc4b Dvl1 Rab3a Colq Ppfibp2 Itgam Sema4a Pcdhgc3 Ptprf Cdh1 Agrn Ina Neurl1 Ins2 Pin1 Nfatc4 Efna1 Cfl1 Pten Chrnb2 Ppfia1 Nrxn2 Prnp Reln Tiam1 Cdk5r1 Camk1 Slitrk6 Dok7 Flrt1 Elfn1 Six1 Lingo4 Als2 Kif1a Ghsr Sdk2 Arhgap22 Plxnd1 Tanc1 Sez6l Lrrtm3 Sez6l2 Chchd10 Gphn Cdc20 Hmcn1 Shisa6 Adgrl1 Plxnb1 Il1rapl1 Lrrc4c Slc8a3 Atp2b2 Nfasc Bsn Dgkb Ntng1 Nrp2 Syndig1 Ppfibp1 Ephb3 Nlgn1 Ptprt Adgrl2 Musk Chmp4bl1 Efna5 Actb Actg1 P2rx2 Dlg1 Chmp2bENSRNOG00000040257 Fgf13 Clstn2 Arc Amigo1 Fcgr2b Gpc6 C3 Homer1 Lrrtm2 Ptprs Caprin2 LOC100909750 Bdnf Wasf1 Lamb2 C5ar1 Hdac6 Wnt7a Wasf3 Rab29 Rhoa Shank3 Tanc2 LOC100361457 Ctnnb1 Adam10 Cacnb3 Flna Dab2ip Cdh8 Mecp2 Actn1 Fmr1 Pdzrn3 Sncg Asic2 Tnc Sptbn2 Camkv Arf1 Gabrb3 Tuba1a Tubb5 L1cam Fbxo45 Cttnbp2 Il1rapl2
Cell morphogenesis involved in neuron differentiation ,Up,Cell morphogenesis involved in neuron differentiation ,7.9819,253,5.00E-12,Ep300 Syngap1 Unc5b Fyn Pcdh15 Zfp365 Egr2 Flot1 Rnf6 Fbxw8 Adarb1 Cux2 Cux1 Limk1 Gap43 Whrn Kalrn Hes1 Chodl Alcam Prdm8 Boc Sod1 Nkx6-1 Sema5b Uchl1 Tgfb2 Tnr Rhoh Tnn Pafah1b1 Ulk2 Bcl2 Lhx1 Trpv2 Bhlhb9 Actr3 Slc9a3r1 Usp9x Tnfrsf12a Lhx4 Arhgap44 Flrt2 Nptx1 Cdkl5 Xk Zdhhc17 Slit2 Wnt3 Cxcr4 Rab21 Ntn1 Sema6a Lrrk2 Baiap2 Nrcam Ndel1 Cobl Abl2 Ppfia2 Pax6 Ttc8 Rtn4 Pak3 Zeb2 Kif5c Rbfox2 Crmp1 Sema6d Itga4 Flrt3 Sdc2 Actr2 Atl1 Mapt Itpka Prex2 Ngfr Nin Nr4a2 Cntn4 Ptprd Bcl11b Ptprz1 Shh Crppa Tmem106b Ptpro Trpc6 Atoh1 Nectin1 Neo1 Sema3c Fstl4 Unk Sema3e Sema4f Etv1 Efnb1 Pou3f2 Ntn3 Wasl App Epha7 Plxnb2 Atp5mc1 Gli2 Rac2 Slit3 Dab1 Atg7 Lrtm2 Zswim4 Sipa1l1 Sema7a Pqbp1 Ephb1 Ptk2 Plxnc1 Cdk5 Atp8a2 Btbd3 B4galt5 Dock7 Bsg Drd2 Ryk Draxin Dpysl5 Nptn Cntn2 Psen1 Caprin1 Foxp1 Slitrk1 Epha2 B3gnt2 Abl1 RGD1359108 Dpysl2 Slitrk5 Numb Nfib Slitrk3 Ppp3ca Pls1 Ndn Map2k1 Sarm1 Hexa Efnb3 Mycbp2 Abitram Foxb1 Ctnnd2 Tpbg Nrp1 Vcl Chrna7 Tprn Dlx5 Braf Itgb1 Neurog2 Adnp Lama2 Parp6 Farp1 Usp33 Anapc2 AABR07031193.1 Rab11a Srcin1 Slitrk2 Ptprm Unc5d Cyfip1 Ptn Adgrb3 Trio Dbnl Tnik Nexn Ephb2 Isl1 Ccdc141 Gdnf Rgma Epha8 Lrp8 Plxna4 Kif13b Epha4 Hecw2 Cdhr1 Gbx1 Creb1 Cdh11 Cdc42 Cxcl12 Myo7a Nefl Sema4d Ntng2 Rabl2 Ntrk1 Mfsd2a Omg Spart Dbn1 Fn1 Gli3 Zswim6 Efnb2 Sema4g Raph1 Ret Lgi1 Prmt3 Zfyve27 Ist1 Lrp4 Isl2 Obsl1 Stxbp1 Wnt5a Kel Ube3a Wnt7b Arhgap35 B4galt6 Rb1 Hecw1 Slc1a3 Efna2 Sema4c Bmpr1b Vasp Fgfr2 Ust Dscaml1 Sema3b Arhgef28 Stmn1 Fgfr3 Plppr4 Plxna1 Slc25a46 Eif4g2 Tubb3 Lama1 Map1b Tubb2b Cnp Dcdc2 Brsk1 Sema3f Chn1 Rere Afg3l2 Skor2 Apbb1 Gorasp1 Smn1 RGD1307443 Zswim5 Stk25 Ttl Srf Picalm Csf1r Apoe Myo3a Dlg4 Pou4f3 Sema3g Mt3 Ilk Shank1 Trak1 Cck Notch1 Gata3 Ptch1 Dag1 Dvl1 Rab3a Gbx2 Slc11a2 Metrn Sema4a Bbs1 Hsp90ab1 Artn Taok2 Map2k2 Brsk2 Drgx B4gat1 Rhog Nfatc4 Efna1 Efna4 Cfl1 Rnd2 Pten Chrnb2 Etv4 Numbl Scn1b Mark2 Reln Tiam1 Cdk5r1 Id1 Spg11 Cabp4 Bmpr2 Lhfpl5 Slitrk6 Nkx2-8 Kidins220 Als2 Sema3a Sec24b Elavl4 Nog Kif1a Ext1 Lrp1 Lmtk2 Sema4b Plxnd1 Map3k13 Grcc10 Slit1 Ophn1 MGC94199 Ythdf1 Spast Map6 Kndc1 Wdr36 Vldlr Tsku Dscam Tctn1 Szt2 Unc5c AABR07033882.1 Plxnb1 Robo2 Robo1 Tbce Lrrc4c Golga4 Robo3 Ptpn11 Atp2b2 Nfasc Rtn4r Ntng1 Nrp2 Abi1 Fmn1 Ephb3 Enah Sin3a Scrib Nlgn1 Mapk8ip2 Dclk1 Pdzd7 Cdh23 Dcc Efna5 Actb Tbcd Epha10 Ulk1 Fbxo31 Clrn1 Fgf13 Foxd1 Arc Amigo1 Chl1 Ephb4 Sema6b Klf7 Myot Fzd3 Clic5 Ptprs Caprin2 LOC100909750 Bdnf Dcx Lamb2 Ss18l2 Dtnbp1 Hdac6 Wnt7a Rnf165 Twf2 MGC94199 LOC100909761 Gas1 Islr2 Ifrd1 Rap2a Smad4 Tbc1d24 Shank3 Cdh4 Megf8 Ankrd27 Tanc2 Bmp7 Lama5 Celsr3 LOC103692570 Adam10 Wdpcp Zic2 Tlx2 Prtg Sptbn4 Ywhah Dip2b Zswim8 Gdi1 Arhgap4 Triobp Adcy1 Unc5a Ss18l1 Emb Plxna3 L1cam Atp7a Fbxo45 Tlx2
Axon development ,Up,Axon development ,7.5688,208,8.30E-11,Ep300 Syngap1 Unc5b Egr2 Flot1 Rnf6 Adarb1 Limk1 Gap43 Kalrn Chodl Alcam Prdm8 Boc Ncam2 Nkx6-1 Sema5b Uchl1 Tgfb2 Plp1 Tnr Rhoh Tnn Pafah1b1 Ulk2 Bcl2 Lhx1 Trpv2 Rtn4rl1 Actr3 Usp9x Tnfrsf12a Lhx4 Flrt2 Nptx1 Cdkl5 Xk Zdhhc17 Vash2 Slit2 Wnt3 Cxcr4 Ntn1 Sema6a Nrcam Ndel1 Cobl Pax6 Ttc8 Rtn4 Pak3 Zeb2 Kif5c Crmp1 Sema6d Itga4 Flrt3 Atl1 Mapt Ngfr Nin Nr4a2 Cntn4 Bcl11b Ctnna1 Ptprz1 Shh Crppa Ptpro Atoh1 Nectin1 Neo1 Sema3c Fstl4 Sema3e Sema4f Etv1 Efnb1 Pou3f2 Ntn3 App Epha7 Plxnb2 Atp5mc1 Gli2 Rac2 Slit3 Dab1 Atg7 Lrtm2 Zswim4 Sipa1l1 Sema7a Ephb1 Ptk2 Plxnc1 Cdk5 Atp8a2 Cnr1 B4galt5 Dock7 Bsg Drd2 Ryk Nefh Camsap2 Draxin Dpysl5 Nptn Cntn2 Psen1 Foxp1 Slitrk1 Epha2 B3gnt2 Abl1 RGD1359108 Dpysl2 Slitrk5 Numb Nfib Slitrk3 Ndn Map2k1 Trim32 Efnb3 Casp3 Mycbp2 Foxb1 Nrp1 Vcl Dlx5 Braf Itgb1 Neurog2 Adnp Lama2 Usp33 Anapc2 AABR07031193.1 Rab11a Stk24 Slitrk2 Ptprm Unc5d Cyfip1 Trio Dbnl Nexn Ephb2 Isl1 Ccdc141 Gdnf Rgma Epha8 Plxna4 Kif13b Epha4 Gbx1 Creb1 Cdh11 Cxcl12 Nefl Sema4d Ntng2 Ntrk1 Omg Spart Dbn1 Fn1 Gli3 Zswim6 Efnb2 Sema4g Raph1 Ret Lgi1 Zfyve27 Ist1 Crtac1 Lrp4 Isl2 Stxbp1 Wnt5a Kel Wnt7b Arhgap35 B4galt6 Efna2 Sema4c Bmpr1b Klf4 Vasp Fgfr2 Ust Dscaml1 Sema3b Arhgef28 Stmn1 Fgfr3 Plppr4 Plxna1 Slc25a46 Eif4g2 Tubb3 Lama1 Map1b Tubb2b Cnp Mtr Brsk1 Sema3f Chn1 Afg3l2 Apbb1 Smn1 RGD1307443 Zswim5 Stk25 Ttl Srf Picalm Csf1r Apoe Zpr1 Pou4f3 Sema3g Mt3 Ilk Trak1 Cck Notch1 Gata3 Ptch1 Dag1 Dvl1 Rab3a Gbx2 Metrn Sema4a Hsp90ab1 Artn Folr1 Lrig2 Taok2 Ptprf Map2k2 Brsk2 Drgx B4gat1 Inpp5f Rhog Efna1 Efna4 Rnd2 Pten Chrnb2 Etv4 Numbl Mag Scn1b Cers2 Mark2 Reln Tiam1 Cdk5r1 Spg11 Bmpr2 Slitrk6 Nkx2-8 Als2 Sema3a Tspan2 Nog Ext1 Lrp1 Lmtk2 Sema4b Plxnd1 Map3k13 Grcc10 Slit1 Jun Ythdf1 Spast Wdr36 Tsku Dscam Tctn1 Szt2 Unc5c AABR07033882.1 Plxnb1 Robo2 Robo1 Tbce Lrrc4c Golga4 Robo3 Ptpn11 Nfasc Rtn4r Ntng1 Nrp2 Ephb3 Enah Sin3a Dclk1 Dcc LOC100912195 Efna5 Actb Epha10 Ulk1 Fgf13 Foxd1 Amigo1 Apoa1 Chl1 Ephb4 Sema6b Klf7 Fkbp1b Myot Fzd3 Ptprs LOC100909750 Bdnf Dcx Lamb2 Hdac6 Wnt7a Rnf165 Twf2 LOC100909761 Gas1 Islr2 Ifrd1 Kremen1 Smad4 Tbc1d24 Cdh4 Megf8 Bmp7 Lama5 Celsr3 LOC103692570 Zic2 Flna Prtg Sptbn4 Dip2b Zswim8 Gdi1 Ddr1 Arhgap4 Tnc Adcy1 Scarf1 Unc5a Spry3 Emb Plxna3 L1cam Fbxo45
Synaptic signaling ,Up,Synaptic signaling ,7.4721,284,8.30E-11,Cbln1 Cplx1 Cplx2 Phf24 Cd24 Grik2 Prrt1 Ager Syngap1 Btbd9 Fyn Gabbr1 Flot1 Ly6g6d Csnk2b Nptx2 Rnf216 Cabp1 Git2 Adarb1 Cux2 Atp2a2 Gper1 S100b P2rx7 Adora2a Bcr Rph3a Ywhag Slc8a2 Napa Igsf11 Kalrn Etv5 Adipoq Mapk1 LOC100911248 Il1rap Fgf12 Usp46 Kit Gabrb1 Gabra4 Dgke Gabrg1 Tnr Stxbp5l Htr5b Abat Pafah1b1 Gsk3b Pdzd11 Gfap Adora2b Cd38 Sqstm1 Gabrg2 Cacng4 Grin2c Cacng5 Glra2 Adora1 Lypd1 Gabra1 Ptchd1 Gabrb2 Nptx1 Chrne Nlgn3 Gipc1 Lrrk2 Baiap2 Calm1 Rhot1 Sybu Rims2 Egfr Zdhhc3 Ppfia2 Lin7a Cacna1b Pmch Il1b Begain Napb Syt2 Plcb1 Adcy8 Crhr1 Ptprn2 Fbxl20 Slc12a6 Prkaca Itpka Slc4a10 Drd5 Ncstn Grm7 Ptprd LOC108349244 Mtmr2 Kcnma1 Snap25 Lynx1 LRRTM1 Grid2 Cacng2 Lrp6 Vdac1 Chrm5 Syt1 Htr3a Tor1a App Sorcs2 Rap1b Htr5a Lgmn Ly6e Cyp46a1 Ccl2 Prepl Ly6h Hrh1 Calb1 Gabrr2 Cadps2 Cacnb4 Kcnj10 Stau1 Ephb1 Ptk2 Bcl2l1 Rab3b Cdk5 Pxk Stac3 Lrrc4 Syn2 Abhd6 Slc24a2 Cnr1 Mylk2 Unc13b Tpgs1 Gjd2 Drd2 P2rx3 Cadps Snca Nsmf Pcdh17 Slc6a6 Nptn Cntn2 Prkar2b Psen1 Cnr2 Fgf14 Kras Sez6 Abl1 Mme Adra1a Car2 Slitrk5 Rnf19a Sdcbp Pacsin2 Bche Ppp3ca Otof Rara Htr2a Glrb Slc7a11 Vhl Efnb3 Ghrl Syn1 Tmod2 Slc5a7 Clcn3 Tpbg Usp8 Gabra5 Chrna7 Tmem108 Braf Itgb1 Adnp LOC100360057 Lama2 Crhr2 Clstn3 Chrna4 Farp1 Rapsn Cntnap4 Anapc2 Dkk1 Lrfn2 Cyfip1 Ptn Plk2 Htr1d Gucy1b1 Prkcb Cep89 Chrna6 Gucy1a1 Cacng3 Car7 Chrnb3 Ephb2 Dlgap2 Ppt1 Crh Gdnf Htr1b Lrp8 Grm2 Akap7 Epha4 Stxbp5 Snapin Plcl2 Creb1 Cdh11 Glra1 Chrna5 Cbln2 Vps18 Ntng2 Nf1 Chrna3 Neto1 Rasgrf1 Dbn1 Tmem25 Pnoc Grm1 Syt10 Edn1 Chrnb4 Celf4 Ric3 Chrnb1 Rasd2 Pnkd Slc1a1 Gabrg3 Stx11 Apba1 Usp14 Dmpk Kmt2a Pink1 Stxbp1 Nlgn2 Serpine2 Rgs14 Adora3 Zdhhc12 Ckap5 Nptxr Slc1a3 Dlgap1 Camk2n1 Apba2 Slc12a7 Clstn1 Grm5 Gnai2 Hras Dtna Calm2 Bace1 Shisa7 Calb2 Atxn1 Arid1b Syngr1 Plg Ctbp2 Syt4 Chrna2 LOC100909840 Tubb2b Kif5b Cltb Dcdc2 Chrm4 P2rx1 Brsk1 Cartpt Atf4 Egr3 Baiap3 Drd4 Sncb Sv2c Slc12a5 Gad2 Srf Sncaip Hrh2 Chrna1 Kat2a Cacnb2 Agt Unc13a Apoe Cx3cr1 Dlg4 Jph3 LOC103694905 Ntrk2 Cln3 Htr4 Zmynd8 Cpeb1 Synpo Stx1b Shank1 P2rx5 Adrb2 Stx4 Syt12 Arrb2 Fchsd2ENSRNOG00000019319 Dag1 Dvl1 Rab3a Chrnd Akap12 Syt9 Doc2a Kctd13 Cdh1 Agrn Homer3 Cnih2 Grik5 Neurl1 Stxbp3 Apba3 Nfatc4 S1pr2 Cfl1 Pten Ppfia3 Lin7b Chrnb2 Cspg5 Stx3 Nrxn2 Anxa9 Sv2a Ptpra Reln Cdk5r1 Spg11 Crtc1 Snap47 Cnih3 Als2 LOC100911104 Drd1 Ghsr Ext1 Jph4 Insyn1 Akap9 Ophn1 Dgki Syn3 Ythdf1 Ly6g6e Dagla Aph1b Ptk2b Cdc20 Sorcs3 Slc4a8 Shisa6 Stx1a Prrt2 Il1rapl1 Lrrc4c Slc8a3 Atp2b2 Dgkb Rela Grid2ip Ntng1 Abi1 Slc6a5ENSRNOG00000031662 Rap1a Scrib Nlgn1 Plcl1ENSRNOG00000032659 Mapk8ip2 Dcc Plcb4 Dnm1 Insyn2a Grin2a RGD1565410 P2rx2 Camk2n2 Fchsd1 Pate4 Rab26 Rgs10 AABR07061755.1 Clstn2 Ppp3r1 Arc Lin7c Gria1 LOC100909683 Fcgr2b Dbi Kcnb1 Chrm2 Homer1 Lrrtm2 Ptprs LOC100909750 Bdnf F2r Rac3 Dtnbp1 Hdac6 Wnt7a Gjc1 Fabp5 Npy2r Chrm3 Htr6 Glra3 AABR07053516.1 LOC100911796 Ache Plcg1 Kpna1 Ppp1r9b Tbc1d24 Celf6 Shank3 Eif4e Cacna1a Itpr3 Ror2 Ctnnb1 Cacnb3 Prkcg Eif4ebp2 Gls Cacng7 Gabra3 Unc13c Cdh8 Mecp2 Fmr1 Sncg Iqsec2 Adcy1 Mpp2 Syp Asic1 Doc2b Arf1 Cacna1g Git1 Ap2b1
Trans-synaptic signaling ,Up,Trans-synaptic signaling ,7.3957,272,1.30E-10,Cbln1 Cplx1 Cplx2 Phf24 Cd24 Grik2 Prrt1 Ager Syngap1 Btbd9 Fyn Gabbr1 Flot1 Csnk2b Nptx2 Rnf216 Cabp1 Git2 Adarb1 Cux2 Atp2a2 Gper1 S100b P2rx7 Adora2a Bcr Rph3a Ywhag Slc8a2 Napa Igsf11 Kalrn Etv5 Adipoq Mapk1 Il1rap Fgf12 Usp46 Kit Gabrb1 Gabra4 Dgke Gabrg1 Tnr Stxbp5l Htr5b Abat Pafah1b1 Gsk3b Pdzd11 Gfap Adora2b Cd38 Sqstm1 Gabrg2 Cacng4 Grin2c Cacng5 Glra2 Adora1 Lypd1 Gabra1 Ptchd1 Gabrb2 Nptx1 Chrne Nlgn3 Gipc1 Lrrk2 Baiap2 Calm1 Rhot1 Sybu Rims2 Egfr Zdhhc3 Ppfia2 Lin7a Cacna1b Pmch Il1b Begain Napb Syt2 Plcb1 Adcy8 Crhr1 Ptprn2 Fbxl20 Slc12a6 Prkaca Itpka Slc4a10 Drd5 Ncstn Grm7 Ptprd LOC108349244 Mtmr2 Kcnma1 Snap25 Lynx1 LRRTM1 Grid2 Cacng2 Lrp6 Vdac1 Chrm5 Syt1 Htr3a Tor1a App Sorcs2 Rap1b Htr5a Lgmn Cyp46a1 Ccl2 Prepl Hrh1 Calb1 Gabrr2 Cadps2 Cacnb4 Kcnj10 Stau1 Ephb1 Ptk2 Bcl2l1 Rab3b Cdk5 Pxk Stac3 Lrrc4 Syn2 Abhd6 Slc24a2 Cnr1 Mylk2 Unc13b Tpgs1 Gjd2 Drd2 P2rx3 Cadps Snca Nsmf Pcdh17 Slc6a6 Nptn Cntn2 Prkar2b Psen1 Cnr2 Fgf14 Kras Sez6 Abl1 Mme Adra1a Car2 Slitrk5 Rnf19a Sdcbp Pacsin2 Bche Ppp3ca Otof Rara Htr2a Glrb Slc7a11 Vhl Efnb3 Ghrl Syn1 Tmod2 Slc5a7 Clcn3 Tpbg Usp8 Gabra5 Chrna7 Tmem108 Braf Itgb1 Adnp LOC100360057 Lama2 Crhr2 Clstn3 Chrna4 Farp1 Rapsn Cntnap4 Anapc2 Dkk1 Lrfn2 Cyfip1 Ptn Plk2 Htr1d Gucy1b1 Prkcb Cep89 Chrna6 Gucy1a1 Cacng3 Car7 Chrnb3 Ephb2 Dlgap2 Ppt1 Crh Gdnf Htr1b Lrp8 Grm2 Akap7 Epha4 Stxbp5 Snapin Plcl2 Creb1 Cdh11 Glra1 Chrna5 Cbln2 Vps18 Ntng2 Nf1 Chrna3 Neto1 Rasgrf1 Dbn1 Tmem25 Pnoc Grm1 Syt10 Edn1 Chrnb4 Celf4 Ric3 Chrnb1 Rasd2 Pnkd Slc1a1 Gabrg3 Stx11 Apba1 Usp14 Dmpk Kmt2a Pink1 Stxbp1 Nlgn2 Serpine2 Rgs14 Adora3 Zdhhc12 Ckap5 Nptxr Slc1a3 Dlgap1 Camk2n1 Apba2 Slc12a7 Clstn1 Grm5 Hras Calm2 Bace1 Shisa7 Calb2 Atxn1 Arid1b Syngr1 Plg Ctbp2 Syt4 Chrna2 LOC100909840 Tubb2b Kif5b Cltb Dcdc2 P2rx1 Brsk1 Cartpt Atf4 Egr3 Baiap3 Drd4 Sncb Sv2c Slc12a5 Gad2 Srf Sncaip Hrh2 Chrna1 Kat2a Cacnb2 Agt Unc13a Apoe Cx3cr1 Dlg4 Jph3 LOC103694905 Ntrk2 Cln3 Htr4 Zmynd8 Cpeb1 Synpo Stx1b Shank1 P2rx5 Adrb2 Stx4 Syt12 Arrb2 Fchsd2ENSRNOG00000019319 Dag1 Dvl1 Rab3a Chrnd Akap12 Syt9 Doc2a Kctd13 Cdh1 Homer3 Cnih2 Grik5 Neurl1 Stxbp3 Apba3 Nfatc4 S1pr2 Cfl1 Pten Ppfia3 Lin7b Chrnb2 Cspg5 Stx3 Nrxn2 Anxa9 Sv2a Ptpra Reln Spg11 Crtc1 Snap47 Cnih3 Als2 Drd1 Ghsr Ext1 Jph4 Insyn1 Akap9 Ophn1 Dgki Syn3 Ythdf1 Dagla Aph1b Ptk2b Cdc20 Sorcs3 Slc4a8 Shisa6 Stx1a Prrt2 Il1rapl1 Lrrc4c Slc8a3 Atp2b2 Dgkb Grid2ip Ntng1 Slc6a5ENSRNOG00000031662 Rap1a Scrib Nlgn1 Plcl1ENSRNOG00000032659 Mapk8ip2 Dcc Plcb4 Dnm1 Insyn2a Grin2a P2rx2 Camk2n2 Fchsd1 Pate4 Rab26 AABR07061755.1 Clstn2 Ppp3r1 Arc Lin7c Gria1 LOC100909683 Fcgr2b Dbi Kcnb1 Chrm2 Homer1 Lrrtm2 Ptprs LOC100909750 Bdnf F2r Rac3 Dtnbp1 Hdac6 Wnt7a Gjc1 Fabp5 Npy2r Chrm3 Htr6 Glra3 AABR07053516.1 LOC100911796 Plcg1 Ppp1r9b Tbc1d24 Celf6 Shank3 Eif4e Cacna1a Itpr3 Ror2 Ctnnb1 Cacnb3 Prkcg Eif4ebp2 Gls Cacng7 Gabra3 Unc13c Cdh8 Mecp2 Fmr1 Sncg Iqsec2 Adcy1 Mpp2 Syp Asic1 Doc2b Arf1 Cacna1g Git1 Ap2b1
Chemical synaptic transmission ,Up,Chemical synaptic transmission ,7.3365,268,1.60E-10,Cbln1 Cplx1 Cplx2 Phf24 Cd24 Grik2 Prrt1 Ager Syngap1 Btbd9 Fyn Gabbr1 Flot1 Csnk2b Nptx2 Rnf216 Cabp1 Git2 Adarb1 Cux2 Atp2a2 Gper1 S100b P2rx7 Adora2a Bcr Rph3a Ywhag Slc8a2 Napa Igsf11 Kalrn Etv5 Adipoq Mapk1 Fgf12 Usp46 Kit Gabrb1 Gabra4 Dgke Gabrg1 Tnr Stxbp5l Htr5b Abat Pafah1b1 Gsk3b Pdzd11 Gfap Adora2b Cd38 Sqstm1 Gabrg2 Cacng4 Grin2c Cacng5 Glra2 Adora1 Lypd1 Gabra1 Ptchd1 Gabrb2 Nptx1 Chrne Nlgn3 Gipc1 Lrrk2 Baiap2 Calm1 Rhot1 Sybu Rims2 Egfr Zdhhc3 Ppfia2 Lin7a Cacna1b Pmch Il1b Begain Napb Syt2 Plcb1 Adcy8 Crhr1 Ptprn2 Fbxl20 Slc12a6 Prkaca Itpka Slc4a10 Drd5 Ncstn Grm7 Ptprd LOC108349244 Mtmr2 Kcnma1 Snap25 Lynx1 LRRTM1 Grid2 Cacng2 Lrp6 Vdac1 Chrm5 Syt1 Htr3a Tor1a App Sorcs2 Rap1b Htr5a Lgmn Cyp46a1 Ccl2 Prepl Hrh1 Calb1 Gabrr2 Cadps2 Cacnb4 Kcnj10 Stau1 Ephb1 Ptk2 Bcl2l1 Rab3b Cdk5 Pxk Stac3 Lrrc4 Syn2 Abhd6 Slc24a2 Cnr1 Mylk2 Unc13b Tpgs1 Gjd2 Drd2 P2rx3 Cadps Snca Nsmf Pcdh17 Slc6a6 Nptn Cntn2 Prkar2b Psen1 Cnr2 Fgf14 Kras Sez6 Abl1 Mme Adra1a Car2 Slitrk5 Rnf19a Sdcbp Pacsin2 Bche Ppp3ca Otof Rara Htr2a Glrb Slc7a11 Vhl Efnb3 Ghrl Syn1 Tmod2 Slc5a7 Clcn3 Tpbg Usp8 Gabra5 Chrna7 Tmem108 Braf Itgb1 Adnp LOC100360057 Lama2 Crhr2 Clstn3 Chrna4 Rapsn Cntnap4 Anapc2 Dkk1 Lrfn2 Cyfip1 Ptn Plk2 Htr1d Gucy1b1 Prkcb Cep89 Chrna6 Gucy1a1 Cacng3 Car7 Chrnb3 Ephb2 Dlgap2 Ppt1 Crh Gdnf Htr1b Lrp8 Grm2 Akap7 Epha4 Stxbp5 Snapin Plcl2 Creb1 Cdh11 Glra1 Chrna5 Cbln2 Vps18 Ntng2 Nf1 Chrna3 Neto1 Rasgrf1 Dbn1 Tmem25 Pnoc Grm1 Syt10 Edn1 Chrnb4 Celf4 Ric3 Chrnb1 Rasd2 Pnkd Slc1a1 Gabrg3 Stx11 Apba1 Usp14 Dmpk Kmt2a Pink1 Stxbp1 Nlgn2 Serpine2 Rgs14 Adora3 Zdhhc12 Ckap5 Nptxr Slc1a3 Dlgap1 Camk2n1 Apba2 Slc12a7 Clstn1 Grm5 Hras Calm2 Bace1 Shisa7 Calb2 Atxn1 Arid1b Syngr1 Plg Ctbp2 Syt4 Chrna2 LOC100909840 Tubb2b Kif5b Cltb Dcdc2 P2rx1 Brsk1 Cartpt Atf4 Egr3 Baiap3 Drd4 Sncb Sv2c Slc12a5 Gad2 Srf Sncaip Hrh2 Chrna1 Kat2a Cacnb2 Agt Unc13a Apoe Cx3cr1 Dlg4 Jph3 LOC103694905 Ntrk2 Cln3 Htr4 Zmynd8 Cpeb1 Synpo Stx1b Shank1 P2rx5 Adrb2 Stx4 Syt12 Arrb2 Fchsd2ENSRNOG00000019319 Dvl1 Rab3a Chrnd Akap12 Syt9 Doc2a Kctd13 Cdh1 Homer3 Cnih2 Grik5 Neurl1 Stxbp3 Apba3 Nfatc4 S1pr2 Cfl1 Pten Ppfia3 Lin7b Chrnb2 Cspg5 Stx3 Nrxn2 Anxa9 Sv2a Ptpra Reln Spg11 Crtc1 Snap47 Cnih3 Als2 Drd1 Ghsr Ext1 Jph4 Insyn1 Akap9 Ophn1 Dgki Syn3 Ythdf1 Aph1b Ptk2b Cdc20 Sorcs3 Slc4a8 Shisa6 Stx1a Prrt2 Lrrc4c Slc8a3 Atp2b2 Dgkb Grid2ip Ntng1 Slc6a5ENSRNOG00000031662 Rap1a Scrib Nlgn1 Plcl1ENSRNOG00000032659 Mapk8ip2 Dcc Plcb4 Dnm1 Insyn2a Grin2a P2rx2 Camk2n2 Fchsd1 Pate4 Rab26 AABR07061755.1 Clstn2 Ppp3r1 Arc Lin7c Gria1 LOC100909683 Fcgr2b Dbi Kcnb1 Chrm2 Homer1 Lrrtm2 Ptprs LOC100909750 Bdnf F2r Rac3 Dtnbp1 Hdac6 Wnt7a Gjc1 Npy2r Chrm3 Htr6 Glra3 AABR07053516.1 LOC100911796 Plcg1 Ppp1r9b Tbc1d24 Celf6 Shank3 Eif4e Cacna1a Itpr3 Ror2 Ctnnb1 Cacnb3 Prkcg Eif4ebp2 Gls Cacng7 Gabra3 Unc13c Cdh8 Mecp2 Fmr1 Sncg Iqsec2 Adcy1 Mpp2 Syp Asic1 Doc2b Arf1 Cacna1g Git1 Ap2b1
Anterograde trans-synaptic signaling ,Up,Anterograde trans-synaptic signaling ,7.3365,268,1.60E-10,Cbln1 Cplx1 Cplx2 Phf24 Cd24 Grik2 Prrt1 Ager Syngap1 Btbd9 Fyn Gabbr1 Flot1 Csnk2b Nptx2 Rnf216 Cabp1 Git2 Adarb1 Cux2 Atp2a2 Gper1 S100b P2rx7 Adora2a Bcr Rph3a Ywhag Slc8a2 Napa Igsf11 Kalrn Etv5 Adipoq Mapk1 Fgf12 Usp46 Kit Gabrb1 Gabra4 Dgke Gabrg1 Tnr Stxbp5l Htr5b Abat Pafah1b1 Gsk3b Pdzd11 Gfap Adora2b Cd38 Sqstm1 Gabrg2 Cacng4 Grin2c Cacng5 Glra2 Adora1 Lypd1 Gabra1 Ptchd1 Gabrb2 Nptx1 Chrne Nlgn3 Gipc1 Lrrk2 Baiap2 Calm1 Rhot1 Sybu Rims2 Egfr Zdhhc3 Ppfia2 Lin7a Cacna1b Pmch Il1b Begain Napb Syt2 Plcb1 Adcy8 Crhr1 Ptprn2 Fbxl20 Slc12a6 Prkaca Itpka Slc4a10 Drd5 Ncstn Grm7 Ptprd LOC108349244 Mtmr2 Kcnma1 Snap25 Lynx1 LRRTM1 Grid2 Cacng2 Lrp6 Vdac1 Chrm5 Syt1 Htr3a Tor1a App Sorcs2 Rap1b Htr5a Lgmn Cyp46a1 Ccl2 Prepl Hrh1 Calb1 Gabrr2 Cadps2 Cacnb4 Kcnj10 Stau1 Ephb1 Ptk2 Bcl2l1 Rab3b Cdk5 Pxk Stac3 Lrrc4 Syn2 Abhd6 Slc24a2 Cnr1 Mylk2 Unc13b Tpgs1 Gjd2 Drd2 P2rx3 Cadps Snca Nsmf Pcdh17 Slc6a6 Nptn Cntn2 Prkar2b Psen1 Cnr2 Fgf14 Kras Sez6 Abl1 Mme Adra1a Car2 Slitrk5 Rnf19a Sdcbp Pacsin2 Bche Ppp3ca Otof Rara Htr2a Glrb Slc7a11 Vhl Efnb3 Ghrl Syn1 Tmod2 Slc5a7 Clcn3 Tpbg Usp8 Gabra5 Chrna7 Tmem108 Braf Itgb1 Adnp LOC100360057 Lama2 Crhr2 Clstn3 Chrna4 Rapsn Cntnap4 Anapc2 Dkk1 Lrfn2 Cyfip1 Ptn Plk2 Htr1d Gucy1b1 Prkcb Cep89 Chrna6 Gucy1a1 Cacng3 Car7 Chrnb3 Ephb2 Dlgap2 Ppt1 Crh Gdnf Htr1b Lrp8 Grm2 Akap7 Epha4 Stxbp5 Snapin Plcl2 Creb1 Cdh11 Glra1 Chrna5 Cbln2 Vps18 Ntng2 Nf1 Chrna3 Neto1 Rasgrf1 Dbn1 Tmem25 Pnoc Grm1 Syt10 Edn1 Chrnb4 Celf4 Ric3 Chrnb1 Rasd2 Pnkd Slc1a1 Gabrg3 Stx11 Apba1 Usp14 Dmpk Kmt2a Pink1 Stxbp1 Nlgn2 Serpine2 Rgs14 Adora3 Zdhhc12 Ckap5 Nptxr Slc1a3 Dlgap1 Camk2n1 Apba2 Slc12a7 Clstn1 Grm5 Hras Calm2 Bace1 Shisa7 Calb2 Atxn1 Arid1b Syngr1 Plg Ctbp2 Syt4 Chrna2 LOC100909840 Tubb2b Kif5b Cltb Dcdc2 P2rx1 Brsk1 Cartpt Atf4 Egr3 Baiap3 Drd4 Sncb Sv2c Slc12a5 Gad2 Srf Sncaip Hrh2 Chrna1 Kat2a Cacnb2 Agt Unc13a Apoe Cx3cr1 Dlg4 Jph3 LOC103694905 Ntrk2 Cln3 Htr4 Zmynd8 Cpeb1 Synpo Stx1b Shank1 P2rx5 Adrb2 Stx4 Syt12 Arrb2 Fchsd2ENSRNOG00000019319 Dvl1 Rab3a Chrnd Akap12 Syt9 Doc2a Kctd13 Cdh1 Homer3 Cnih2 Grik5 Neurl1 Stxbp3 Apba3 Nfatc4 S1pr2 Cfl1 Pten Ppfia3 Lin7b Chrnb2 Cspg5 Stx3 Nrxn2 Anxa9 Sv2a Ptpra Reln Spg11 Crtc1 Snap47 Cnih3 Als2 Drd1 Ghsr Ext1 Jph4 Insyn1 Akap9 Ophn1 Dgki Syn3 Ythdf1 Aph1b Ptk2b Cdc20 Sorcs3 Slc4a8 Shisa6 Stx1a Prrt2 Lrrc4c Slc8a3 Atp2b2 Dgkb Grid2ip Ntng1 Slc6a5ENSRNOG00000031662 Rap1a Scrib Nlgn1 Plcl1ENSRNOG00000032659 Mapk8ip2 Dcc Plcb4 Dnm1 Insyn2a Grin2a P2rx2 Camk2n2 Fchsd1 Pate4 Rab26 AABR07061755.1 Clstn2 Ppp3r1 Arc Lin7c Gria1 LOC100909683 Fcgr2b Dbi Kcnb1 Chrm2 Homer1 Lrrtm2 Ptprs LOC100909750 Bdnf F2r Rac3 Dtnbp1 Hdac6 Wnt7a Gjc1 Npy2r Chrm3 Htr6 Glra3 AABR07053516.1 LOC100911796 Plcg1 Ppp1r9b Tbc1d24 Celf6 Shank3 Eif4e Cacna1a Itpr3 Ror2 Ctnnb1 Cacnb3 Prkcg Eif4ebp2 Gls Cacng7 Gabra3 Unc13c Cdh8 Mecp2 Fmr1 Sncg Iqsec2 Adcy1 Mpp2 Syp Asic1 Doc2b Arf1 Cacna1g Git1 Ap2b1
Axonogenesis ,Up,Axonogenesis ,7.2992,186,3.30E-10,Ep300 Syngap1 Unc5b Egr2 Flot1 Rnf6 Adarb1 Limk1 Gap43 Kalrn Chodl Alcam Prdm8 Boc Nkx6-1 Sema5b Uchl1 Tgfb2 Tnr Rhoh Tnn Pafah1b1 Ulk2 Bcl2 Lhx1 Trpv2 Actr3 Usp9x Tnfrsf12a Lhx4 Flrt2 Nptx1 Cdkl5 Xk Zdhhc17 Slit2 Wnt3 Cxcr4 Ntn1 Sema6a Nrcam Ndel1 Cobl Pax6 Ttc8 Rtn4 Pak3 Zeb2 Kif5c Crmp1 Sema6d Itga4 Flrt3 Atl1 Mapt Ngfr Nin Nr4a2 Cntn4 Bcl11b Ptprz1 Shh Crppa Ptpro Atoh1 Nectin1 Neo1 Sema3c Fstl4 Sema3e Sema4f Etv1 Efnb1 Pou3f2 Ntn3 App Epha7 Plxnb2 Atp5mc1 Gli2 Rac2 Slit3 Dab1 Atg7 Lrtm2 Zswim4 Sipa1l1 Sema7a Ephb1 Ptk2 Plxnc1 Cdk5 Atp8a2 B4galt5 Dock7 Bsg Drd2 Ryk Draxin Dpysl5 Nptn Cntn2 Psen1 Foxp1 Slitrk1 Epha2 B3gnt2 Abl1 RGD1359108 Dpysl2 Slitrk5 Numb Nfib Slitrk3 Ndn Map2k1 Efnb3 Mycbp2 Foxb1 Nrp1 Vcl Dlx5 Braf Itgb1 Neurog2 Adnp Lama2 Usp33 Anapc2 AABR07031193.1 Rab11a Slitrk2 Ptprm Unc5d Cyfip1 Trio Dbnl Nexn Ephb2 Isl1 Ccdc141 Gdnf Rgma Epha8 Plxna4 Kif13b Epha4 Gbx1 Creb1 Cdh11 Cxcl12 Nefl Sema4d Ntng2 Ntrk1 Omg Spart Dbn1 Fn1 Gli3 Zswim6 Efnb2 Sema4g Raph1 Ret Lgi1 Zfyve27 Ist1 Lrp4 Isl2 Stxbp1 Wnt5a Kel Wnt7b Arhgap35 B4galt6 Efna2 Sema4c Bmpr1b Vasp Fgfr2 Ust Dscaml1 Sema3b Arhgef28 Stmn1 Fgfr3 Plppr4 Plxna1 Slc25a46 Eif4g2 Tubb3 Lama1 Map1b Tubb2b Cnp Brsk1 Sema3f Chn1 Afg3l2 Apbb1 Smn1 RGD1307443 Zswim5 Stk25 Ttl Srf Picalm Csf1r Apoe Pou4f3 Sema3g Mt3 Ilk Trak1 Cck Notch1 Gata3 Ptch1 Dag1 Dvl1 Rab3a Gbx2 Metrn Sema4a Hsp90ab1 Artn Taok2 Map2k2 Brsk2 Drgx B4gat1 Rhog Efna1 Efna4 Rnd2 Pten Chrnb2 Etv4 Numbl Scn1b Mark2 Reln Tiam1 Cdk5r1 Spg11 Bmpr2 Slitrk6 Nkx2-8 Als2 Sema3a Nog Ext1 Lrp1 Lmtk2 Sema4b Plxnd1 Map3k13 Grcc10 Slit1 Ythdf1 Spast Wdr36 Tsku Dscam Tctn1 Szt2 Unc5c AABR07033882.1 Plxnb1 Robo2 Robo1 Tbce Lrrc4c Golga4 Robo3 Ptpn11 Nfasc Rtn4r Ntng1 Nrp2 Ephb3 Enah Sin3a Dclk1 Dcc Efna5 Actb Epha10 Ulk1 Fgf13 Foxd1 Amigo1 Chl1 Ephb4 Sema6b Klf7 Myot Fzd3 Ptprs LOC100909750 Bdnf Dcx Lamb2 Hdac6 Wnt7a Rnf165 Twf2 LOC100909761 Gas1 Islr2 Ifrd1 Smad4 Cdh4 Megf8 Bmp7 Lama5 Celsr3 LOC103692570 Zic2 Prtg Sptbn4 Dip2b Zswim8 Gdi1 Arhgap4 Adcy1 Unc5a Emb Plxna3 L1cam Fbxo45
Cell junction assembly ,Up,Cell junction assembly ,7.2239,168,6.00E-10,Cbln1 Mdga1 Coro1c Gja1 Flot1 Camsap3 Rac1 Trpv4 Cux2 Bcr Cldn15 Cldn4 Cldn14 Eif4g1 Heg1 AABR07034767.1 LOC100911248 Arvcf Cldn1 Il1rap Phldb2 Limch1 Gabra2 Clasp1 Gpc4 Epb41l5 Lamc1 Bcl2 Bhlhb9 Actr3 Myoc Gabrg2 Flcn Prkca Gabra1 Cldn6 Cldn9 Gabrb2 Srpx2 Flrt2 Ntn1 Arhgap6 Vmp1 Myo1c Cbln4 F11r Adgre5 Rock2 Gpm6b Il1b Arf6 Pof1b Flrt3 Prkaca Pkp4 Lrfn5 Itgb4 Ptprd Pclo Dlg5 Ctnna1 LRRTM1 Grid2 Ptpro Rcc2 Lrrn3 Nectin1 Thy1 Lrrn1 App Epha7 Amigo2 Cntn5 Rap1b Plxnb2 Six4 Setd5 Lrtm2 Patj Lhfpl4 Ephb1 Ptk2 Cldn19 Cdk5 Lrrc4 Fbf1 Tek Snca Gjb2 Pcdh17 Pdcd6ip Nptn Fermt2 Jam3 Clasp2 Slitrk1 Epha2 Aplnr Ugt8 Sh3bp1 Abl1 Src Snai1 Slitrk5 Cdh10 Kirrel3 Slitrk3 Tlr2 Pkp1 Cldn10 Cldn11 Ghrl Vstm5 Cdh18 Tpbg Nrp1 Vcl Dlc1 Pard6b Adnp Ank2 Clstn3 Farp1 Pkn2 Slk Tsc1 Slitrk2 Myo9a Dkk1 Nphp4 Iqgap1 Adgrb3 Thsd1 Dmtn Dbnl Ephb2 Rhoc Ajuba Wnt4 Cdh5 Cdh24 Cdc42 Capza1 Cbln2 Sema4d Ntng2 Ntrk1 Map4k4 Tns1 Zfp703 Erbb4 Fn1 Adgrb2 Efnb2 Fzd5 Coro2b Lrp4 Jup Nlgn2 Cdh2 Wnt5a AABR07053687.1 Zdhhc12 Add2 Wnt11 Lrrc24 Fzd1 Clstn1 Tln1 Ston1 Epb41l3 Slc25a46 Gja5 Vps35 Actn2 Srf Ocln Smad7 Agt Ldb1 Cdh22 Ntrk2 Ikbkb Gnpat Rhod Hipk1 Lrfn4 Lrrc4b Dvl1 Cd9 Colq Sema4a Actn3 Taok2 Cdh1 Agrn Cntnap1 Dapk3 Ramp2 Actn4 Cfl1 Pten Chrnb2 Lsr Pip5k1a Nrxn2 Ptpra Gjb6 Slitrk6 Flrt1 Six1 Lingo4 S100a10 Plec LOC680875 Ghsr Ect2 Sdk2 Lrp1 Plxnd1 Grem1 Lrrtm3 Ophn1 Ptk2b Whamm Wdr1 Acvrl1 AABR07024637.1 Adgrl1 Plxnb1 Il1rapl1 Cdh19 Epha3 Bsn Ctnnd1 Rock1 Col16a1 Syndig1 Ace2 Fmn1 Ephb3 Cldn34c4 Rap1a Nlgn1 Adgrl2 Esam Fam107a Ptprj Efna5 Actb Tbcd Actg1 Dusp3 Lims1 Ppm1f Dlg1 Peak1 Fgf13 Clstn2 Amigo1 Cldn5 Gpc6 Kdr Lrrtm2 Ptprs LOC100909750 Bdnf Ptprk Apod Itgb3 Wnt7a Gjc1 Rab29 Rhoa Marveld2 Shank3 LOC100361457 Ctnnb1 Wdpcp Hdac7 Dusp22 Fscn1 Mecp2 Actn1 Cav1 Itga5 Asic2 Sptbn2 Itgb1bp1 Gabrb3 Fbxo45 Ace Il1rapl2
Cell-cell adhesion via plasma-membrane adhesion molecules ,Up,Cell-cell adhesion via plasma-membrane adhesion molecules ,6.9782,63,2.40E-08,Cbln1 Scarf2 Cd164 Cd24 Mapk14 Mdga1 Pcdh15 Igsf11 Cxadr Adipoq Arvcf Cldn1 Il1rap Alcam Nectin3 Gpc4 Tgfb2 Kifap3 Sell Selp Mpz Cadm3 Pcdh19 Nectin4 Itga4 Flrt3 Acvr1 Cntn4 Ptprd Il1rn Grid2 Nectin1 Plxnb2 Dab1 Bsg Pcdh17 Slitrk1 Cdh10 Kirrel3 Slitrk3 Pcdh18 Wnk1 Cdh18 Clstn3 Slitrk2 Fat3 Ptprm Unc5d Pcdh7 Fat2 Ajuba Tenm3 Pcdh8 Ric8a Tgfbr2 Atp2c1 Pcdh20 Cdh5 Cdhr1 Cdh11 Cdh24 Cdh6 Ntng2 Vcam1 Cdh13 Cdh20 Ret Sparcl1 Cdh17 Cdh2 Klf4 Cx3cl1 Pik3cb Clstn1 Dscaml1 Mbp Cdhr5 Cdhr2 Itgal Cdh22 Nectin2 Pvr Pcdh12 Lrfn4 Pcdhgc3 Ptprf Pcdhb22 LOC108348201 Celsr2 Pcdhb14 LOC108348233 Pcdhb11 Pcdhb9 Pcdhb8 Pcdhb5 Pcdhb3 Pcdha13 Cdh3 Cdh1 Ceacam1 Ptpn23 Cd6 Bmp2 Celsr1 Fgfrl1 Sdk2 Cdh12 Pcdhgb8ENSRNOG00000027220 Pcdhga11 Pcdhga10 Pcdhga8 Pcdhga7 Pcdhga6 Pcdhga5 Pcdhb4 Cdh15 Fat4 Adgrl1 Pcdhb10 Robo2 Robo1 Lrrc4c Cdh19 AABR07040095.1 Pcdhga9 Fat1 Ntng1 Dchs1 Pcdh10 Cdh7 Nlgn1 Ptprt Cdh23 Pcdhb20 Esam Pcdhb21 Pcdhb12 Cdh9 Pcdhga2 Efna5 Pcdh9ENSRNOG00000038068 Pcdhgb7 Pcdhgb6 Pcdhgb5 Pcdhgb4ENSRNOG00000039459 Pcdhga3 Pcdhga1 Pcdhb19 LOC108348771 Pcdhb2 Dsc2 Pcdhgb1 Pcdhga4 Milr1 Clstn2 Amigo1 Apoa1 Cldn5 AC103179.1 Pcdhb7 Gpc6 Mmp24 Pcdha4 Myot Ptprs Cdhr3 LOC100909434 AC103179.2 LOC100909761 Pcdha4 Cdh4 Myadm Celsr3 Cdh8 Itga5 Pcdh1 Plxnb3
Regulation of nervous system development ,Up,Regulation of nervous system development ,6.8532,205,4.20E-09,Cbln1 Ep300 Fig4 Cd24 Syngap1 Hdac2 Zfp365 Egr2 Rnf6 Fbxw8 Cux2 Gper1 Cux1 Nsun5 Limk1 Kalrn Hes1 Etv5 Dnajb11 Chodl Il1rap Rest Nkx6-1 Kit Sema5b Rnf112 Tnr Pafah1b1 Ulk2 Trim11 Gfap Trpv2 Serpinf1 Bhlhb9 Actr3 Tnfrsf12a Srpx2 Flrt2 Cdkl5 Wnt3 Cxcr4 Nap1l1 Rab21 Ntn1 Sema6a Baiap2 Ascl1 Egfr Lpin1 Pax6 Adgre5 Rtn4 Il1b Zeb2 Sema6d Flrt3 Jade2 Actr2 Mapt Itpka Nin Brinp1 Ptprd Dlg5 Ctnna1 Mtmr2 Yap1 Ptprz1 Ezh2 LRRTM1 Shh Grid2 Gpr37l1 Trpc6 Lrp6 Lrrn3 Xrcc6 Fstl4 Sema3e Chd7 Cst7 Lrrn1 Lif Epha7 Amigo2 Plxnb2 Atp5mc1 Hes7 Dab1 Xrcc2 Lrtm2 Sema7a Ufl1 Ephb1 Ptk2 Nf2 Plxnc1 Cdk5 Appl2 Hif1a Dock7 Hoxb3 Smo Drd2 Ryk Plag1 Draxin Psen1 Caprin1 Slitrk1 Nr1d1 Mme Hdac1 Mtor Slitrk5 Prkci Numb Slitrk3 Tlr2 Ppp3ca Ldlr Rara Smarcd3 Pcm1 Map2k1 Il6 Trim32 Efnb3 Ghrl Vstm5 Otp Tpbg Dicer1 Nrp1 Tp53 Ythdf2 Braf Adnp Tenm4 Clstn3 Parp6 Anapc2 Rab11a Sox10 Tnfrsf21 Slitrk2 Hey1 Dkk1 Cyfip1 Ptn Adgrb3 Prmt5 Sox2 Aspm Dbnl Tnik Rarg Ephb2 Nkx2-2 Spint1 Bin1 Rgma Tgm2 Lrp8 Hey2 Gbx1 Cxcl12 Cbln2 Nefl Sema4d Nf1 Hes5 Ntrk1 Il6st Dll4 Spart Dbn1 Fn1 Adgrb2 Gli3 Lig4 Sema4g Hap1 Rassf10 Zfyve27 Ist1 Lrp4 Ctdsp1 Heyl Obsl1 Man2a1 Serpine2 Wnt5a Kctd11 Wnt7b Id4 Xrcc5 Lrrc24 Sema4c Clstn1 Ctsc Sema3b Tnfrsf1b Fgfr3 Atxn1 Plxna1 B2m Eif4g2 Lingo1 Zfp335 Syt4 Mdk Il34 Sema3f Nkx6-2 Gorasp1 RGD1307443 Stk25 Srf Apoe Zpr1 Cx3cr1 Ntrk2 Sox8 Sema3g Mt3 Ilk Trak1 Notch1 Dll3 Dag1 Lrrc4b Gbx2 Aspa Metrn Sema4a Disc1 Kdm4a Map2k2 Arhgef2ENSRNOG00000020027 Sirt2 Hes6 Neurl1 Ascl2 Nfatc4 Tgfb1 Rnd2 Pten Numbl Mag Lgi4 Prune1 Abcc8 Cers2 Bmp2 Tmem98 Reln Tiam1 Cdk5r1 Id1 Bmpr2 Slitrk6 Kdm1a Flrt1 Lingo4 Slc25a12 Sema3a Nog Rarb Mbd1 Lrp1 Sema4b Plxnd1 Map3k13 Lrrtm3 Dscam Tppp Myrf Akt1 Olig2 Adgrl1 Plxnb1 Robo2 Robo1 Golga4 Xrcc4 Sox11 Faim Faim Rela Rtn4r Syndig1 Ephb3 Tymp Nlgn1 Adgrl2 Spen Efna5 Itgax Kif14 Ulk1 Snw1 Gjc2ENSRNOG00000038328 Dlg1 Fbxo31 Hmga2 Fgf13 Jam2 Clstn2 Amigo1 Lrrtm2 Fzd3 Ptprs Caprin2 Bdnf Ss18l2 Ncmap Hdac6 Wnt7a Wasf3 Twf2 Rheb Islr2 Ifrd1 Mycn Wnt2 Tbc1d24 Shank3 Cdh4 Bmpr1a Megf8 Ankrd27 Bmp7 Daam2 Ctnnb1 Tlx2 Prtg Ski Ywhah Myb Dip2b Lrp2 Gdi1 Fmr1 Zfp488 Asic2 Arhgap4 Dll1 Ss18l1 Plxna3 Pou4f1 Tlx2
Regulation of neuron projection development ,Up,Regulation of neuron projection development ,6.6159,231,1.50E-08,Gak Ep300 Rtn4ip1 Fig4 Cd24 Syngap1 Fyn Hdac2 Zfp365 Rnf6 Fbxw8 Clip1 Cux2 Cux1 Limk1 Itga6 Nfe2l2 Kalrn Dgkg LOC100911248 Ranbp1 Chodl Paqr3 Sema5b Mark1 Tnr Rap1gap2 Pafah1b1 Ulk2 Gfap Efhc2 Cd38 Trpv2 Rtn4rl1 Serpinf1 Bhlhb9 Actr3 Rrn3 Tnfrsf12a Arhgap44 Prrx1 Cdkl5 Xk Wnt3 Rab21 Ntn1 Sema6a Lrrk2 Baiap2 Nrcam Ndel1 Prkd1 Itga3 Cobl Abl2 Ppfia2 Cntn1 Rtn4 Fbxo7 Ddx56 Zeb2 Crmp1 Arf6 Sema6d Sdc2 Actr2 Mapt Itpka Nin Ptprd Snap25 Ezh2 Fez1 Grid2 Mdm2 Trpc6 Lrp6 Fkbp4 Fstl4 Thy1 Sema3e AABR07060833.1 Pou3f2 Epha7 Plxnb2 Atp5mc1 Dab1 Sipa1l1 Sema7a Pqbp1 Ptk2 Plxnc1 Cdk5 Atp8a2 Lyn Cnr1 Fut9 Ryk Alk Camsap2 Draxin Cntn2 Psen1 Caprin1 Slitrk1 Sez6 Abl1 Ptprg Sfrp2 Dpysl2 Prkci Camk2g Ppp3ca Map2k1 Sarm1 Il6 Efnb3 Nrp1 Tox Tmem30a Bmp5 Braf Adnp Arsb Parp6 Atp1b2 Anapc2 Rab11a Srcin1 Stk24 Bag5 Fat3 Dguok Fes Dkk1 Stmn2 Cyfip1 Ptn Iqgap1 Adgrb3 Dbnl Tnik Cflar Ephb2 Spock1 Tenm3 Creb3l2 Rgma Lrp8 Kif13b Epha4 Hecw2 Snapin Prkcsh Setx Cxcl12 Lpar1 Nefl Sema4d Ntng2 Ntrk1 Mfsd2a Map4k4 Omg Spart Dbn1 Fn1 Katnb1 Efnb2 Sema4g Ret Nr2f1 Zfyve27 Nck1 Ist1 Lrp4 Obsl1 Wnt5a Kel Ube3a Arhgap35 Gprc5b Kank1 Hecw1 Sema4c Klf4 Cbfa2t2 Ust Sema3b Enc1 Plppr5 Plxna1 B2m Eif4g2 Itm2c Mdk Rit2 Mylip Ptpn9 Brsk1 Sema3f Sfrp1 Camk1d Chn1 Skor2 Apbb1 Gorasp1 Smn1 Vim RGD1307443 Stk25 Srf Hspa5 Agt Apoe Ankrd1 Il15ra LOC103694905 Ntrk2 Sema3g Mt3 Dpysl3 Ilk Trim67 NEWGENE_1308624 Fbxo38 Cpeb1 Trak1 Ulk4 Gata3 Inpp5j Dvl1 Metrn Sema4a Lrig2 Ptprf Map2k2 Brsk2 Mob2 Retreg3 Inpp5f Nfatc4 Efna1 Cfl1 Rnd2 Pten Chrnb2 Mag Ppp2r5b Scn1b Cers2 Mark2 Negr1 Reln Tiam1 Cdk5r1 Id1 Camk1 Bmpr2 Acap3 Kdm1a Crtc1 Sema3a Styxl1 Kif1a Frmd7 Lrp1 Pla2g3 Ltk Sema4b Plxnd1 Map3k13 Slc39a12 Crk Ap2a1 Acsl6 Mboat1 Kndc1 Vldlr Tsku Ptk2b Dscam Cdc20 Akt1 Ror1 Plxnb1 Robo2 Robo1 Lrrc4c Golga4 Epha3 RT1-A2 Rtn4r Carm1 Ntng1 Ephb3 Nckipsd Klk6 Rap1a Nlgn1 Cib1 Plk5 Efna5 Ulk1 Zfp804a Ptk7ENSRNOG00000039976 Fbxo31 Fgf13 Arc Amigo1 Rbpj Fkbp1b Ptprs Caprin2 LOC100909750 Bdnf Ss18l2 Hdac6 Wnt7a Twf2 Rab29 Rhoa Ctsz Islr2 Ifrd1 Kremen1 Rap2a Neu4 Tbc1d24 Shank3 Cdh4 Megf8 Ankrd27 Tanc2 Ror2 Bmp7 Adam10 Flna Tlx2 Dab2ip Ywhah Dip2b Gdi1 Arhgap4 Bag5l1 Scarf1 Ss18l1 Plxna3 Atf1 Tlx2 Plxnb3
Embryonic morphogenesis ,Up,Embryonic morphogenesis ,6.4918,235,2.70E-08,Sobp Pbx2 LOC108348112 Hdac2 Pcdh15 Ipmk Tbc1d32 Gja1 Zic3 Tmed2 Itgb2 Pofut2 Gna12 Col6a1 Specc1l Bcr Map3k20 Hoxd3 Hoxd4 Hoxd9 Lnpk Ets2 Whrn Dvl3 Opa1 Hes1 Adipoq Mapk1 Tbx1 Ift57 Fras1 Glmn Sod1 Pkd2 Phldb2 Shroom3 Pdgfra Hlx Clasp1 Tgfb2 Rnf2 B9d1 Insig2 Epb41l5 Sox9 Ugdh Lias Pou3f4 Lhx1 Ccdc103 Wdr19 Socs3 Tbx19 Poglut1 Slc9a3r1 Cdc73 Grsf1 Tbx2 Tbx4 Efemp1 Grem2 Prox1 Prrx1 Col5a2 Wnt9b Wnt3 Med12 Ntn1 Tshr Pfn1 Apln Grb2 Ncoa1 Osr1 Itga3 Cobl Abl2 Pax6 Wdr60 Ofd1 Cthrc1 Traf6 Fzd6 Zeb2 Pbx1 Myf5 Llgl2 Itga4 Flrt3 Itgav Prkacb Acvr1 Rtf1 Prkaca Acvr2a Itgb4 Med1 Neurod1 Ar Frs2 Lamb1 Mmp16 Tulp3 Il1rn St14 Yap1 Sp8 Shh Arid1a LOC108348320 Lrp6 Dld Atoh1 Tmem107 Rdh10 Chd7 Insig1 Msx1 Hectd1 Hipk2 Cacna1c Sos1 Cluap1 Plxnb2 Six4 Gli2 Fbn1 Amot Hoxb9 Hoxb8 Eya1 Hoxb7 Lrig3 Ift52 Frzb Hoxb6 Nf2 Hoxb5 Apaf1 Atp8a2 Plpp3 Brpf1 Hoxb4 Mfap2 Elf5 Hif1a Stra6 Hoxb3 Smo Hoxb2 Hoxb1 Mthfr Smad3 Mks1 Tbx3 Col5a1 Chst11 Ext2 Sulf1 Psen1 Clasp2 Lmo4 Epha2 Aplnr Ift88 Abl1 Sfrp2 Hdac1 Snai1 Bmp4 Mmp8 Pls1 Wnk1 Rara Vtn Spry2 Leo1 Lef1 Satb2 Dnajb6 Zbtb17 Casp3 Intu Gsc Pitx2 Tbx18 Dicer1 Atoh8 Tp53 Tprn Dlx5 Bmp5 Mmp14 Ift122 Itgb1 Ttbk2 Twist1 Osr2 Tenm4 Irx5 Prkra Stk3 Vegfc Ccdc39 Tsc1 Fgf9 Macroh2a1 Irx3 Cecr2 Rspo3 Dkk1 Cdon Rpgrip1l Asxl2 Tifab Sox7 Lmbrd1 Sox2 Fgf10 Casp8 Gata2 Rarg Ephb2 Hs2st1 Mmp15 Rab23 Pcgf2 Irx2 Spint1 Gdnf Rgma Lrig1 Pcdh8 Wnt4 Ric8a Tgfbr2 Mib1 Twsg1 Nup50 Rala Stk4 Myo7a Pax3 Hes5 Dusp2 Sall1 Jag2 Arfrp1 Dll4 Mbnl1 Gnaq Ece1 Pax2 Fn1 Sdc4 Inhba Ccn1 Zic5 Edn1 Wnt2b Gli3 Hsbp1 Acvr2b Fzd5 Tasor Ret Reck Lats1 Mesp2 Sfrp5 Mdfi Cyp26b1 Lrp4 Gdf3 Foxh1 Tead1 Mfap5 Dnaaf1 Wnt5a Cul3 Wnt7b LOC103690139 Arhgap35 Hyal1 Tgif1 Lrp5 Wnt11 Mafb Fzd7 Hoxc10 Hoxc9 Efna2 Fzd1 Tshz1 Sema4c Klf4 Vasp Fgfr2 RGD1310553 Bloc1s5 Dscaml1 Mbp Itga8 Ift140 Bcl2l11 Bmi1 Hhex Hoxc4 Eya4 Nsd1 Mmp2 Ryr2 Foxl2 Ctr9 Wnt6 Gja5 Mmp9 C2cd3 Aldh1a1 Htr2b Sfrp1 Foxc1 Zeb1 Dvl2 Cdk20 Smad2 Srf Msx2 Kat2a Ldb1 Myo3a Smad1 Aff3 Notch2 Sox8 Pou4f3 Kif20b Ndst1 Kdm2a Notch1 Hipk1 Gata3 Ptch1 Dag1 Dvl1 Gbx2 Tbx15 Mthfd1l Paf1 Sufu Folr1 Armc5 Tgfb1i1 Runx2 Igf2 Efna1 Col7a1 Spint2 Tgfb1 Cfl1 Tead2 Bax Setd2 Celsr1 Tmem231 Frem2 Scx Fzd2 Gjb6 Gatad2a Bmpr2 Lhfpl5 Slitrk6 Luzp1 Prickle1 Six1 Foxp4 Col11a1 Gpi Sec24b Gata6 Nog Stox1 Col4a2 Rarb Pax5 Ext1 Tal1 Gli1 Crb2 Lbx1 Kdm2b Grem1 Bbs4 Pax8 Phldb1 Adm Impad1 Sox17 Trim28 Tmie Sp9 Tctn1 Grhl3 Zbtb16 Sox11 Atp2b2 Mab21l2 Enah Dync2h1 Naglu Scrib Pdzd7 Cdh23 Irx1 Wls Kdm6b Rspo2 Dlg1 Acd Col8a1 Ptk7ENSRNOG00000039976 Tgif2 Bcl10 Hmga2 Clrn1 Fbn2 Slc39a3 Apoa1 Eif4a3 Exoc4 Fbxw4 Impad1 Arl13b Fzd3 Clic5 LOC100909750 Foxc2 LOC103689925 LOC108348055ENSRNOG00000047790 LOC103692128 Wnt7a LOC100909604 Flvcr1 Prkar1a Foxf1 Gdf5 Eng LOC100911668 Gas1 Mycn Wnt2 Smad4 Aldh1a3 Shank3 Bmpr1a Megf8 Kdm6a Fuz Ror2 Bmp7 Myadm Mapk3 Lama5 Ctnnb1 Wdpcp Zic2 Aldh1a2 Tlx2 AABR07034833.1 Ski AABR07030901.1 Lrp2 Lats2 En1 Nipbl Cited2 Nat8b Itga5 LOC100912608 Itga2 Prrx2ENSRNOG00000058329 Col12a1 Col2a1 Zfp281 Zfp36l1 Triobp Slc39a1 Cdkn1c Lmbr1 Cc2d2a Dll1 Gpc3 Kcnq4 Sp3 Syf2 Tlx2
Behavior ,Up,Behavior ,6.48,284,2.40E-08,Gad1 Tcf15 Gatm Ep300 Fig4 Sobp Grik2 Prrt1 Ager Syngap1 Btbd9 Ddo Hdac2 Pcdh15 Egr2 Gja1 Asl Nptx2 Glp1r Git2 Cstb Adarb1 Cux2 S100b Adora2a Fzd9 Slc8a2 Hoxd9 Kalrn Eif4g1 Etv5 Comt Gnb1l Tbx1 Fgf12 Synj1 Mapk10 Usp46 Sod1 Nmu Kit Adcy5 Uchl1 Tnr Gpr37 Abat Pafah1b1 Bcl2 Ren C1ql1 Serpinf1 Bhlhb9 Gabrg2 Btg2 Adora1 Lypd1 Ptchd1 Srpx2 Nlgn3 Rps6kb1 Tshr Apln Adcy3 Lrrk2 Ncoa1 Grpr Itga3 Abl2 Egfr Meis1 Pmch Fign Mta1 Meis2 Plcb1 Adcy8 Crhr1 Actr2 Scn2a Fbxl20 Wfs1 Mapt Cst3 Slc4a10 Drd5 Ncstn Prex2 Dnah11 Atxn3 Pak7 Brinp1 Nr4a2 Zfx Ttc21b Gpr176 Kcnma1 Ptprz1 Snap25 Phf21a LRRTM1 Cfap69 Vdac1 Slc6a1 Crbn Scn9a Thrb Usp2 Chd7 Mkks Arl6ip5 Etv1 App Hipk2 Eps8 Lgmn Cln6 Atp1a2 Dab1 Hrh1 Calb1 Atg7 Bbs12 Hoxb8 Cacnb4 Kcnj10 Pak6 Ncoa2 Fos Cdk5 Atp8a2 Slc24a2 Cnr1 Hif1a Tpgs1 Stra6 Taco1 Drd2 P2rx3 Ubr3 Snca Alk Slc18a2 Ift20 Penk Pcdh17 Cntn2 Thra Prkar2b Psen1 Foxp1 Slitrk1 Ift88 Fgf14 Nr1d1 Kras Sez6 Abl1 Mme Mtor Slitrk5 Tmod1 Kirrel3 Tlr2 Bche Prlhr Ldlr Htr2a Strbp Pcm1 Glrb Slc7a11 Hexa Htr1a Ada Espn Il6 Pde8b Efnb3 Ghrl Tmod2 Casp3 Oprd1 Mrap2 Foxb1 Clcn3 Tpbg Tp53 Gabra5 Chrna7 Braf Itgb1 Adnp Htt Calca Crhr2 Chrna4 Ccl3 Atp1b2 Cntnap4 Hcrtr2 Dkk1 Pum1 Trh Mbd2 Ptn Tifab Plk2 Npc1 Htr1d Adgrb3 Zmpste24 Adh6 Thbs4 Ndrg4 Ephb2 Cln8 Ppt1 Arf4 Crh Prkaa1 Chst10 Htr1b Csnk1e Epha4 Ric8a Myg1 Gbx1 Creb1 Aaas Glra1 Cxcl12 Chrna5 Nf1 Chrna3 Hcrtr1 Ntrk1 Neto1 Mfsd2a Nmur2 Kcnip3 Dbn1 Gnaq Cpt1a Grm1 Gli3 Aprt Chrnb4 Zfhx3 Nav2 Pomk Zic1 Chrnb1 Rasd2 Slc1a1 Apba1 Mcoln3 Kmt2a Gal Fxn Npas1 Nlgn2 Ddhd2 Ptgds Rgs14 Gprc5b Ckap5 Hmgcr Slc1a3 Apba2 Grm5 Itga8 Gng8 Fzd4 Shisa7 Atxn1 Grp Adrb1 Lmx1b Slc25a46 B2m Syt4 Cnp Dcdc2 Gpr157 Mdk Srd5a1 Vps35 Htr2b Brsk1 Cartpt Crhbp Drd4 Apbb1 Slc12a5 Oprm1 Srf Kcna2 Picalm Vwa1 Agtr1a Kat2a Per3 Ttbk1 Agt Cend1 Apoe LOC100911225 Cx3cr1 Dlg4 Agtpbp1 Mc4r Jph3 LOC103694905 Ntrk2 Hcrt Bbs2 Sod2 Cln3 Rmi1 Synpo Shank1 Ulk4 Arrb2 Cck Egr1 Dvl1 Gnao1 Trpv1 Slc11a2 B4galt2 Gdf15 Stat3 Bbs1 Asic4 Slc16a1 Myh14 Atp1a3 Syt11 Inpp5f Ins2 Camk4 Nfatc4 Fen1 Fosl1 Pten Crebrf Chrnb2 Ube2q1 Grin2d Lgi4 Nrxn2 Abcc8 Prnp Celsr1 Lpar5 Negr1 Reln Zdhhc8 Uba6 Spg11 Pbx3 Slitrk6 Crtc1 Htra2 Fgfbp3 Gpi Als2 Ankfn1 Gigyf2 Elavl4 Mmp17 Drd1 Man2b1 Ghsr Pax5 Ext1 Chd8 Tal1 Hexb Spire1 Tanc1 Jph4 Sez6l Zfhx2 Grcc10 Slc10a4 Bbs4 Dgki Gpr88 Ythdf1 Sez6l2 Aph1b Mbd5 Dscam Ppp1r1b Ctns Ntsr1 Sorcs3 Tbce Slc8a3 Atp2b2 Ormdl3 Ehmt2 Csmd1 Htr2c Klhl1 Ace2 Naglu Nlgn1 Foxo6 Mapk8ip2 Cdh23 Grin2a Capn2 Atp8a1 Pias1 Mafg Pde1b Zfp385a Abhd12 P2rx2 Pirt Ap1s2 Agrp Epm2a Cfap20 Pde4d Ciart Fgf13 Rnf180 Arc Arrdc3 Chl1 Gria1 Thbs1 Dbi Nr1d2 Fuom Homer1 Bbip1 Fadd Cntfr LOC100909750 Bdnf Gaa Npy2r Gba Htr6 Agtr2 Aoc3 Ntan1 Aldh1a3 Gm2a Celf6 Shank3 Eif4e Aff2 Itpr3 Scn1a Opn4 Prkcg Nhlh2 Foxp2 Ppp3cb Pex13 Sptbn4 Eif4ebp2 Amfr Gcnt4 Derl2 Gls Oxr1 En1 Dnaaf4 Mecp2 Cebpb Itga5 Ccnd2 Sncg Sptbn2 Adcy1 Asic1 Pou4f1 Drd3 Arcn1 Git1 Atp7a Homer2
Regulation of cell projection organization ,Up,Regulation of cell projection organization ,6.4001,323,3.20E-08,Gak Ep300 Kctd17 Def8 Rtn4ip1 Fig4 Cd24 Atg5 Syngap1 Fyn Hdac2 Zfp365 Coro1c Rnf6 Evi5l Rac1 Fbxw8 Trpm2 Clip1 Cux2 P2rx7 Cux1 Limk1 Itga6 Gap43 Nfe2l2 Cep97 Kalrn Dvl3 Tctex1d2 Dgkg LOC100911248 Ranbp1 Chodl Stap1 Paqr3 Atg3 Cep135 Kit Sema5b Mark1 Tnr Rap1gap2 Pafah1b1 Ulk2 Septin9 Gfap Efhc2 Cd38 Trpv2 Rtn4rl1 Serpinf1 Tapt1 Bhlhb9 Actr3 Rrn3 Tnfrsf12a Arhgap44 Prrx1 Cdkl5 Xk Slit2 Wnt3 Rab21 Ntn1 Sema6a Lrrk2 Baiap2 Ccdc88a Nrcam Enpp2 Ndel1 Prkd1 Sdccag8 Itga3 Cobl Abl2 Ppfia2 Cntn1 Rtn4 Fbxo7 Ddx56 Zeb2 Crmp1 Arf6 Sema6d Sdc2 Actr2 Mapt Dync2li1 Itpka Sh3yl1 Nin Abi3 Ptprd Yap1 Snap25 Ezh2 Fez1 Cd44 Grid2 Mdm2 Trpc6 Rcc2 Lrp6 Fkbp4 Fstl4 Thy1 Sema3e AABR07060833.1 Pou3f2 Epha7 Plxnb2 Mien1 Atp5mc1 Capzb Rac2 Dab1 Nckap1 Sipa1l1 Sema7a Pqbp1 Ptk2 Plxnc1 Cdk5 Atp8a2 Lyn Cnr1 Cntrob Crocc Fut9 Cdc42ep1 Ryk Alk Camsap2 Klf5 Ift20 Draxin Cntn2 Psen1 Caprin1 Slitrk1 Epha2 Ift88 Mapk15 Sez6 Abl1 Ptprg Sfrp2 Src Mtor Dpysl2 Prkci Palm Camk2g Wasf2 Ppp3ca Pls1 Spry2 Myo10 Map2k1 Brk1 Sarm1 Espn Il6 Dzip1 Efnb3 Abitram Nrp1 Tox Tmem30a Bmp5 Braf Adnp Ttbk2 Htt Arsb Parp6 Atp1b2 Anapc2 Rab11a Srcin1 Stk24 Bag5 Fat3 Dguok Aqp1 Fes Dkk1 Stmn2 Fxr2 Cyfip1 Ptn Iqgap1 Adgrb3 Rdx Dmtn Dbnl Tnik Cflar Abhd17b Ephb2 Spock1 Tenm3 Creb3l2 Rgma Mov10 Lrp8 Kif13b Epha4 Hecw2 Ccdc151 Dock11 Snapin Prkcsh Rala Setx Cdc42 Trem2 Cxcl12 Lpar1 Nefl Sema4d Ntng2 Fnbp1l Rap1gap Ntrk1 Mfsd2a Map4k4 Tbc1d7 Odf2l Omg Spart Dbn1 Plce1 Fn1 Arpc2 Anln Evl Arpin Katnb1 Efnb2 Sema4g Ret Nr2f1 Wrap73 Hap1 Zfyve27 Nck1 Mak Ist1 Lrp4 Obsl1 Vil1 Rhoq Wnt5a Ccl19 Kel Rreb1 Ube3a Arhgap35 Fer Gprc5b Kank1 Hecw1 Cdk10 Sema4c Klf4 Prkcd Cbfa2t2 Ust Sema3b Enc1 Ift140 Carmil1 Hras Fzd4 Plppr5 Plxna1 Cep120 Mark4 B2m Eif4g2 Itm2c LOC100909840 Dcdc2 Mdk Rit2 Mylip Ptpn9 Vps35 Brsk1 Sema3f Cdhr5 Sfrp1 Camk1d Dvl2 Cdhr2 Chn1 F2rl1 Skor2 Apbb1 Bin3 Gorasp1 Smn1 Vim RGD1307443 Stk25 Srf Hspa5 Eps8l2 Kat2a Agt Apoe Rabep2 Myo3a Ezr Ankrd1 Cdc42ep5 Il15ra LOC103694905 Ntrk2 Entr1 Pik3r1 Sema3g Mt3 Dpysl3 Ilk Limk2 Trim67 NEWGENE_1308624 Fbxo38 Cln3 Zmynd8 Cpeb1 Trak1 Ulk4 Vdac3 Gata3 Inpp5j Dvl1 Arap1 Metrn Sema4a Lrig2 Ptprf Map2k2 Brsk2 Mob2 Retreg3 Neurl1 Inpp5f Rhog Ins2 Apc Nfatc4 Efna1 Cfl1 Rnd2 Pten Chrnb2 Cdc42ep2 Mag Ppp2r5b Scn1b Cers2 Mark2 Prnp Mstn Negr1 Reln Ermn Tiam1 Zmynd10 Cdk5r1 Id1 Camk1 Coro1b Bmpr2 Acap3 Kdm1a Crtc1 Cenpj Sema3a Styxl1 Kif1a Carmil2 Frmd7 Atp8b1 Lrp1 Pla2g3 Ltk Sema4b Plxnd1 Map3k13 Slc39a12 Crk Bbs4 Ap2a1 Akirin1 Acsl6 Mboat1 Kndc1 Ccp110 Vldlr Tsku Ptk2b Dscam Pld1 Cdc20 Plekhm1 Akt1 Cdc42ep4 Ror1 Plxnb1 Robo2 Robo1 Lrrc4c Golga4 Epha3 Fam98a RT1-A2 Rtn4r Was Carm1 Ntng1 Ephb3 Nckipsd Klk6 Cdc42ep3 Rap1a Nlgn1 Cib1 Plk5 Efna5 Ccl21 Ulk1 Zfp804a Cdkl1 Ptk7ENSRNOG00000039976 Fbxo31 Clrn1 Fgf13 Arc Amigo1 Rbpj Fcgr2b Homer1 Fkbp1b Ptprs Caprin2 LOC100909750 Bdnf Ss18l2 Hdac6 Wnt7a Twf2 Rab29 Rhoa Ctsz Islr2 LOC102552549 Ifrd1 Kremen1 Rap2a Neu4 Tbc1d24 Shank3 Cdh4 Megf8 Ankrd27 Tanc2 Fuz Ror2 Bmp7 Tesk1 Adam10 Wdpcp Flna Tlx2 Dab2ip Ywhah Dip2b Fscn1 Cav1 Gdi1 Fmr1 Mns1ENSRNOG00000057867 Arhgap4 Bag5l1 Scarf1 Ss18l1 Plxna3 Atf1 Atp7a Tlx2 Plxnb3
Regulation of plasma membrane bounded cell projection organization ,Up,Regulation of plasma membrane bounded cell projection organization ,6.3383,319,4.50E-08,Gak Ep300 Kctd17 Def8 Rtn4ip1 Fig4 Cd24 Atg5 Syngap1 Fyn Hdac2 Zfp365 Coro1c Rnf6 Evi5l Rac1 Fbxw8 Trpm2 Clip1 Cux2 P2rx7 Cux1 Limk1 Itga6 Gap43 Nfe2l2 Cep97 Kalrn Tctex1d2 Dgkg LOC100911248 Ranbp1 Chodl Stap1 Paqr3 Atg3 Cep135 Kit Sema5b Mark1 Tnr Rap1gap2 Pafah1b1 Ulk2 Septin9 Gfap Efhc2 Cd38 Trpv2 Rtn4rl1 Serpinf1 Tapt1 Bhlhb9 Actr3 Rrn3 Tnfrsf12a Arhgap44 Prrx1 Cdkl5 Xk Slit2 Wnt3 Rab21 Ntn1 Sema6a Lrrk2 Baiap2 Ccdc88a Nrcam Enpp2 Ndel1 Prkd1 Sdccag8 Itga3 Cobl Abl2 Ppfia2 Cntn1 Rtn4 Fbxo7 Ddx56 Zeb2 Crmp1 Arf6 Sema6d Sdc2 Actr2 Mapt Dync2li1 Itpka Sh3yl1 Nin Abi3 Ptprd Yap1 Snap25 Ezh2 Fez1 Cd44 Grid2 Mdm2 Trpc6 Rcc2 Lrp6 Fkbp4 Fstl4 Thy1 Sema3e AABR07060833.1 Pou3f2 Epha7 Plxnb2 Mien1 Atp5mc1 Capzb Rac2 Dab1 Nckap1 Sipa1l1 Sema7a Pqbp1 Ptk2 Plxnc1 Cdk5 Atp8a2 Lyn Cnr1 Cntrob Crocc Fut9 Cdc42ep1 Ryk Alk Camsap2 Klf5 Ift20 Draxin Cntn2 Psen1 Caprin1 Slitrk1 Epha2 Ift88 Mapk15 Sez6 Abl1 Ptprg Sfrp2 Src Mtor Dpysl2 Prkci Palm Camk2g Wasf2 Ppp3ca Pls1 Myo10 Map2k1 Brk1 Sarm1 Espn Il6 Dzip1 Efnb3 Abitram Nrp1 Tox Tmem30a Bmp5 Braf Adnp Ttbk2 Htt Arsb Parp6 Atp1b2 Anapc2 Rab11a Srcin1 Stk24 Bag5 Fat3 Dguok Aqp1 Fes Dkk1 Stmn2 Fxr2 Cyfip1 Ptn Iqgap1 Adgrb3 Rdx Dmtn Dbnl Tnik Cflar Abhd17b Ephb2 Spock1 Tenm3 Creb3l2 Rgma Lrp8 Kif13b Epha4 Hecw2 Ccdc151 Dock11 Snapin Prkcsh Rala Setx Cdc42 Trem2 Cxcl12 Lpar1 Nefl Sema4d Ntng2 Fnbp1l Rap1gap Ntrk1 Mfsd2a Map4k4 Tbc1d7 Odf2l Omg Spart Dbn1 Plce1 Fn1 Arpc2 Anln Evl Arpin Katnb1 Efnb2 Sema4g Ret Nr2f1 Wrap73 Hap1 Zfyve27 Nck1 Mak Ist1 Lrp4 Obsl1 Vil1 Rhoq Wnt5a Ccl19 Kel Rreb1 Ube3a Arhgap35 Fer Gprc5b Kank1 Hecw1 Cdk10 Sema4c Klf4 Prkcd Cbfa2t2 Ust Sema3b Enc1 Ift140 Carmil1 Hras Plppr5 Plxna1 Cep120 Mark4 B2m Eif4g2 Itm2c LOC100909840 Dcdc2 Mdk Rit2 Mylip Ptpn9 Vps35 Brsk1 Sema3f Cdhr5 Sfrp1 Camk1d Cdhr2 Chn1 F2rl1 Skor2 Apbb1 Bin3 Gorasp1 Smn1 Vim RGD1307443 Stk25 Srf Hspa5 Eps8l2 Agt Apoe Rabep2 Myo3a Ezr Ankrd1 Cdc42ep5 Il15ra LOC103694905 Ntrk2 Entr1 Pik3r1 Sema3g Mt3 Dpysl3 Ilk Limk2 Trim67 NEWGENE_1308624 Fbxo38 Cln3 Zmynd8 Cpeb1 Trak1 Ulk4 Vdac3 Gata3 Inpp5j Dvl1 Arap1 Metrn Sema4a Lrig2 Ptprf Map2k2 Brsk2 Mob2 Retreg3 Neurl1 Inpp5f Rhog Ins2 Apc Nfatc4 Efna1 Cfl1 Rnd2 Pten Chrnb2 Cdc42ep2 Mag Ppp2r5b Scn1b Cers2 Mark2 Prnp Mstn Negr1 Reln Tiam1 Zmynd10 Cdk5r1 Id1 Camk1 Coro1b Bmpr2 Acap3 Kdm1a Crtc1 Cenpj Sema3a Styxl1 Kif1a Carmil2 Frmd7 Atp8b1 Lrp1 Pla2g3 Ltk Sema4b Plxnd1 Map3k13 Slc39a12 Crk Bbs4 Ap2a1 Akirin1 Acsl6 Mboat1 Kndc1 Ccp110 Vldlr Tsku Ptk2b Dscam Pld1 Cdc20 Plekhm1 Akt1 Cdc42ep4 Ror1 Plxnb1 Robo2 Robo1 Lrrc4c Golga4 Epha3 Fam98a RT1-A2 Rtn4r Was Carm1 Ntng1 Ephb3 Nckipsd Klk6 Cdc42ep3 Rap1a Nlgn1 Cib1 Plk5 Efna5 Ccl21 Ulk1 Zfp804a Cdkl1 Ptk7ENSRNOG00000039976 Fbxo31 Clrn1 Fgf13 Arc Amigo1 Rbpj Fcgr2b Homer1 Fkbp1b Ptprs Caprin2 LOC100909750 Bdnf Ss18l2 Hdac6 Wnt7a Twf2 Rab29 Rhoa Ctsz Islr2 LOC102552549 Ifrd1 Kremen1 Rap2a Neu4 Tbc1d24 Shank3 Cdh4 Megf8 Ankrd27 Tanc2 Fuz Ror2 Bmp7 Tesk1 Adam10 Wdpcp Flna Tlx2 Dab2ip Ywhah Dip2b Fscn1 Cav1 Gdi1 Fmr1 Mns1ENSRNOG00000057867 Arhgap4 Bag5l1 Scarf1 Ss18l1 Plxna3 Atf1 Atp7a Tlx2 Plxnb3
Modulation of chemical synaptic transmission ,Up,Modulation of chemical synaptic transmission ,6.1736,200,1.60E-07,Cbln1 Cplx1 Cplx2 Phf24 Grik2 Prrt1 Ager Syngap1 Btbd9 Fyn Gabbr1 Flot1 Csnk2b Nptx2 Cabp1 Git2 Cux2 Atp2a2 Gper1 S100b Adora2a Bcr Ywhag Slc8a2 Igsf11 Kalrn Adipoq Mapk1 Usp46 Kit Dgke Tnr Stxbp5l Gsk3b Gfap Adora2b Cd38 Sqstm1 Cacng4 Cacng5 Adora1 Nptx1 Nlgn3 Gipc1 Lrrk2 Baiap2 Calm1 Rhot1 Sybu Rims2 Egfr Zdhhc3 Ppfia2 Cacna1b Il1b Begain Plcb1 Adcy8 Crhr1 Fbxl20 Prkaca Itpka Slc4a10 Drd5 Ncstn Ptprd LOC108349244 Mtmr2 Snap25 LRRTM1 Grid2 Cacng2 Syt1 App Sorcs2 Rap1b Lgmn Cyp46a1 Ccl2 Prepl Hrh1 Calb1 Cacnb4 Kcnj10 Stau1 Ephb1 Ptk2 Bcl2l1 Cdk5 Pxk Lrrc4 Abhd6 Slc24a2 Cnr1 Drd2 P2rx3 Snca Nsmf Pcdh17 Slc6a6 Nptn Cntn2 Prkar2b Psen1 Cnr2 Fgf14 Kras Abl1 Mme Adra1a Car2 Rnf19a Pacsin2 Bche Ppp3ca Rara Htr2a Slc7a11 Vhl Ghrl Usp8 Chrna7 Tmem108 Braf Itgb1 Adnp LOC100360057 Lama2 Crhr2 Clstn3 Rapsn Cntnap4 Anapc2 Dkk1 Lrfn2 Cyfip1 Ptn Plk2 Prkcb Chrna6 Cacng3 Car7 Chrnb3 Ephb2 Crh Htr1b Lrp8 Akap7 Epha4 Stxbp5 Snapin Plcl2 Creb1 Cdh11 Chrna5 Vps18 Ntng2 Nf1 Neto1 Rasgrf1 Dbn1 Tmem25 Grm1 Edn1 Celf4 Pnkd Slc1a1 Apba1 Dmpk Kmt2a Pink1 Stxbp1 Nlgn2 Serpine2 Rgs14 Adora3 Zdhhc12 Ckap5 Nptxr Slc1a3 Dlgap1 Apba2 Clstn1 Grm5 Hras Calm2 Bace1 Shisa7 Calb2 Syngr1 Syt4 LOC100909840 Tubb2b Kif5b Brsk1 Atf4 Baiap3 Srf Sncaip Kat2a Cacnb2 Agt Apoe Cx3cr1 Dlg4 Jph3 LOC103694905 Ntrk2 Cln3 Zmynd8 Cpeb1 Synpo Stx1b Shank1 Adrb2 Stx4 Syt12 Arrb2 Dvl1 Rab3a Akap12 Kctd13 Cdh1 Homer3 Cnih2 Neurl1 Nfatc4 S1pr2 Cfl1 Pten Chrnb2 Cspg5 Stx3 Ptpra Reln Crtc1 Snap47 Drd1 Ghsr Jph4 Akap9 Ophn1 Dgki Ythdf1 Ptk2b Cdc20 Sorcs3 Slc4a8 Shisa6 Stx1a Prrt2 Lrrc4c Slc8a3 Atp2b2 Dgkb Grid2ip Ntng1 Rap1a Nlgn1 Plcl1ENSRNOG00000032659 Mapk8ip2 Dcc Plcb4 Dnm1 Grin2a P2rx2 Camk2n2 Pate4 Rab26 AABR07061755.1 Clstn2 Ppp3r1 Arc Gria1 Fcgr2b Dbi Kcnb1 Chrm2 Homer1 Lrrtm2 Ptprs LOC100909750 Bdnf Dtnbp1 Hdac6 Wnt7a Npy2r Htr6 LOC100911796 Plcg1 Ppp1r9b Tbc1d24 Shank3 Eif4e Cacna1a Itpr3 Ror2 Cacnb3 Prkcg Eif4ebp2 Cacng7 Unc13c Mecp2 Fmr1 Sncg Iqsec2 Adcy1 Mpp2 Syp Asic1 Arf1 Git1
